BTC-USD,Bitcoin USD
ETH-USD,Ethereum USD
USDT-USD,Tether USD
BNB-USD,Binance Coin USD
USDC-USD,USD Coin USD
XRP-USD,XRP USD
SOL-USD,Solana USD
ADA-USD,Cardano USD
LUNA1-USD,Terra USD
HEX-USD,HEX USD
AVAX-USD,Avalanche USD
DOGE-USD,Dogecoin USD
DOT-USD,Polkadot USD
BUSD-USD,Binance USD USD
UST-USD,TerraUSD USD
SHIB-USD,SHIBA INU USD
WBTC-USD,Wrapped Bitcoin USD
MATIC-USD,Polygon USD
NEAR-USD,NEAR Protocol USD
CRO-USD,Crypto.com Coin USD
DAI-USD,Dai USD
LTC-USD,Litecoin USD
ATOM-USD,Cosmos USD
UNI1-USD,Uniswap USD
LINK-USD,Chainlink USD
BCH-USD,Bitcoin Cash USD
TRX-USD,TRON USD
WTRX-USD,Wrapped TRON USD
STETH-USD,Lido stETH USD
FTT-USD,FTX Token USD
LEO-USD,UNUS SED LEO USD
XLM-USD,Stellar USD
ETC-USD,Ethereum Classic USD
ALGO-USD,Algorand USD
XMR-USD,Monero USD
BTCB-USD,Bitcoin BEP2 USD
VET-USD,VeChain USD
MANA-USD,Decentraland USD
HBAR-USD,Hedera USD
ICP-USD,Internet Computer USD
FIL-USD,Filecoin USD
EGLD-USD,Elrond USD
APE3-USD,ApeCoin USD
SAND-USD,The Sandbox USD
THETA-USD,THETA USD
FTM-USD,Fantom USD
AXS-USD,Axie Infinity USD
XTZ-USD,Tezos USD
KLAY-USD,Klaytn USD
RUNE-USD,THORChain USD
FRAX-USD,Frax USD
TONCOIN-USD,Toncoin USD
HNT-USD,Helium USD
WBNB-USD,Wrapped BNB USD
AAVE-USD,Aave USD
EOS-USD,EOS USD
CAKE-USD,PancakeSwap USD
WAVES-USD,Waves USD
DFI-USD,DeFiChain USD
FLOW-USD,Flow USD
ZEC-USD,Zcash USD
MKR-USD,Maker USD
MIOTA-USD,IOTA USD
BTT-USD,BitTorrent USD
BTT2-USD,BitTorrent (new) USD
XCN1-USD,Chain USD
XEC-USD,eCash USD
GRT1-USD,The Graph USD
OSMO-USD,Osmosis USD
CVX-USD,Convex Finance USD
BSV-USD,Bitcoin SV USD
HBTC-USD,Huobi BTC USD
KCS-USD,KuCoin Token USD
STX-USD,Stacks USD
NEO-USD,Neo USD
HT-USD,Huobi Token USD
ONE1-USD,Harmony USD
CHZ-USD,Chiliz USD
ZIL-USD,Zilliqa USD
GALA-USD,Gala USD
KSM-USD,Kusama USD
QNT-USD,Quant USD
TUSD-USD,TrueUSD USD
CELO-USD,Celo USD
ENJ-USD,Enjin Coin USD
GMT3-USD,Green Metaverse Token USD
NEXO-USD,Nexo USD
OKB-USD,OKB USD
LRC-USD,Loopring USD
DASH-USD,Dash USD
BAT-USD,Basic Attention Token USD
MINA-USD,Mina USD
CRV-USD,Curve DAO Token USD
AR-USD,Arweave USD
USDN-USD,Neutrino USD USD
SAFE1-USD,Safe USD
COMP1-USD,Compound USD
AMP-USD,Amp USD
KDA-USD,Kadena USD
USDP-USD,Pax Dollar USD
XEM-USD,NEM USD
TFUEL-USD,Theta Fuel USD
HOT1-USD,Holo USD
GLMR-USD,Moonbeam USD
LN-USD,LINK USD
ROSE-USD,Oasis Network USD
SCRT-USD,Secret USD
KNC-USD,Kyber Network Crystal v2 USD
DCR-USD,Decred USD
AUDIO-USD,Audius USD
KAVA-USD,Kava USD
ANC1-USD,Anchor Protocol USD
ASTR-USD,Astar USD
LUSD-USD,Liquity USD USD
IOTX-USD,IoTeX USD
SKL-USD,SKALE Network USD
BORA-USD,BORA USD
ICX-USD,ICON USD
YFI-USD,yearn.finance USD
QTUM-USD,Qtum USD
BIT1-USD,BitDAO USD
NXM-USD,NXM USD
XDC-USD,XDC Network USD
XYM-USD,Symbol USD
OMG-USD,OMG Network USD
GNO-USD,Gnosis USD
1INCH-USD,1inch Network USD
SNX-USD,Synthetix USD
ZRX-USD,0x USD
PAXG-USD,PAX Gold USD
ANKR-USD,Ankr USD
CCXX-USD,Counos X USD
BTG-USD,Bitcoin Gold USD
CBG-USD,Chainbing USD
BNT-USD,Bancor USD
SXP-USD,Swipe USD
RVN-USD,Ravencoin USD
JST-USD,JUST USD
RACA-USD,Radio Caca USD
IOST-USD,IOST USD
WAXP-USD,WAX USD
ACA1-USD,Acala Token USD
SC-USD,Siacoin USD
CEL-USD,Celsius USD
GT-USD,GateToken USD
WVLX-USD,Wrapped Velas USD
VLX-USD,Velas USD
RNDR-USD,Render Token USD
LPT-USD,Livepeer USD
RENBTC-USD,renBTC USD
WOO-USD,WOO Network USD
WEMIX-USD,WEMIX USD
FXS-USD,Frax Share USD
ZEN-USD,Horizen USD
CHSB-USD,SwissBorg USD
NFT1-USD,APENFT USD
TTT1-USD,The Transfer Token USD
BRG-USD,Bridge Oracle USD
RLY-USD,Rally USD
ONT-USD,Ontology USD
ELON-USD,Dogelon Mars USD
GLM-USD,Golem USD
STORJ-USD,Storj USD
FEI-USD,Fei USD USD
UMA-USD,UMA USD
SUSHI-USD,SushiSwap USD
IMX1-USD,Immutable X USD
KOK-USD,KOK USD
VGX-USD,Voyager Token USD
XWC-USD,WhiteCoin USD
HUSD-USD,HUSD USD
REV1-USD,Revain USD
DESO-USD,Decentralized Social USD
DGB-USD,DigiByte USD
XDB-USD,DigitalBits USD
HIVE-USD,Hive USD
POLY-USD,Polymath USD
TEL-USD,Telcoin USD
CEEK-USD,CEEK VR USD
KEEP-USD,Keep Network USD
SPELL-USD,Spell Token USD
CELR-USD,Celer Network USD
CSPR-USD,Casper USD
ILV-USD,Illuvium USD
RPL-USD,Rocket Pool USD
BTRST-USD,Braintrust USD
ARRR-USD,Pirate Chain USD
FLUX-USD,Flux USD
PLA3-USD,PlayDapp USD
SYS-USD,Syscoin USD
VVS-USD,VVS Finance USD
REN-USD,Ren USD
SAPP-USD,Sapphire USD
SAFEMOON-USD,SafeMoon USD
SRM-USD,Serum USD
CKB-USD,Nervos Network USD
LDO-USD,Lido DAO Token USD
MOB-USD,MobileCoin USD
TWT-USD,Trust Wallet Token USD
DYDX-USD,dYdX USD
OCEAN-USD,Ocean Protocol USD
PERP-USD,Perpetual Protocol USD
UOS-USD,Ultra USD
XNO-USD,Nano USD
C98-USD,Coin98 USD
PYR-USD,Vulcan Forged PYR USD
ENS-USD,Ethereum Name Service USD
WIN-USD,WINkLink USD
MXC-USD,MXC USD
DENT-USD,Dent USD
CFX-USD,Conflux USD
BEST-USD,Bitpanda Ecosystem Token USD
LSK-USD,Lisk USD
NU-USD,NuCypher USD
XPRT-USD,Persistence USD
EVER-USD,Everscale USD
RAY-USD,Raydium USD
COTI-USD,COTI USD
HUM-USD,Humanscape USD
PEOPLE-USD,ConstitutionDAO USD
INJ-USD,Injective Protocol USD
MPL-USD,Maple USD
JOE-USD,JOE USD
SUPER1-USD,SuperFarm USD
AURORA1-USD,Aurora USD
BSW-USD,Biswap USD
TRIBE-USD,Tribe USD
YGG-USD,Yield Guild Games USD
POWR-USD,Powerledger USD
METIS-USD,MetisDAO USD
FET-USD,Fetch.ai USD
1ECO-USD,1eco USD
MED-USD,MediBloc USD
FRTS-USD,Fruits USD
MVL-USD,MVL USD
CHR-USD,Chromia USD
MX-USD,MX Token USD
SNT-USD,Status USD
WRX-USD,WazirX USD
XYO-USD,XYO USD
XCH-USD,Chia Network USD
BOBA-USD,Boba Network USD
MOVR-USD,Moonriver USD
ANY-USD,Anyswap USD
MBOX-USD,MOBOX USD
MVIXY-USD,Mirrored ProShares VIX USD
PUNDIX-USD,Pundi X[new] USD
REQ-USD,Request USD
ONG1-USD,Ontology Gas USD
ORBS-USD,Orbs USD
ARDR-USD,Ardor USD
TRAC-USD,OriginTrail USD
FX-USD,Function X USD
UFO2-USD,UFO Gaming USD
OGN-USD,Origin Protocol USD
XAUT-USD,Tether Gold USD
BNX-USD,BinaryX USD
ORC-USD,Orbit Chain USD
EPS1-USD,Ellipsis USD
VTHO-USD,VeThor Token USD
HERO1-USD,Metahero USD
DAG-USD,Constellation USD
ALICE-USD,MyNeighborAlice USD
DAR-USD,Mines of Dalarnia USD
CVC-USD,Civic USD
TLOS-USD,Telos USD
MDX1-USD,Mdex USD
DAO-USD,DAO Maker USD
RSR-USD,Reserve Rights USD
CTSI-USD,Cartesi USD
LYXE-USD,LUKSO USD
STMX-USD,StormX USD
GUSD-USD,Gemini Dollar USD
RGT-USD,Rari Governance Token USD
BTCST-USD,Bitcoin Standard Hashrate Token USD
DIVI-USD,Divi USD
ELF-USD,aelf USD
LQTY-USD,Liquity USD
XVG-USD,Verge USD
LOCUS-USD,Locus Chain USD
OXT-USD,Orchid USD
ANT-USD,Aragon USD
ALPHA-USD,Alpha Finance Lab USD
REEF-USD,Reef USD
USDX2-USD,USDX [Kava] USD
SURE-USD,inSure DeFi USD
BICO-USD,BICONOMY (BICO) USD
RLC-USD,iExec RLC USD
BFC1-USD,Bifrost (BFC) USD
API3-USD,API3 USD
BAKE-USD,BakeryToken USD
PRO-USD,Propy USD
NMR-USD,Numeraire USD
XSGD-USD,XSGD USD
SUN-USD,Sun (New) USD
HXRO-USD,Hxro USD
ACH-USD,Alchemy Pay USD
MAID-USD,MaidSafeCoin USD
BETA-USD,Beta Finance USD
EWT-USD,Energy Web Token USD
HYN-USD,Hyperion USD
REP-USD,Augur USD
NKN-USD,NKN USD
NSBT-USD,Neutrino Token USD
HEDG-USD,HedgeTrade USD
MBL-USD,MovieBloc USD
STRAX-USD,Stratis USD
AKT-USD,Akash Network USD
TITAN-USD,TitanSwap USD
AVINOC-USD,AVINOC USD
MNGO-USD,Mango USD
DUSK-USD,Dusk Network USD
AGIX-USD,SingularityNET USD
RAD-USD,Radicle USD
RMRK-USD,RMRK USD
PROM-USD,Prometeus USD
ASD-USD,ASD USD
ARK-USD,Ark USD
SOS1-USD,OpenDAO USD
WMT1-USD,World Mobile Token USD
BLOK-USD,Bloktopia USD
SSV-USD,ssv.network USD
QKC-USD,QuarkChain USD
ERG-USD,Ergo USD
META-USD,Metadium USD
SSX-USD,SOMESING USD
DAWN-USD,Dawn Protocol USD
BAND-USD,Band Protocol USD
EURS-USD,STASIS EURO USD
STEEM-USD,Steem USD
RKN-USD,Rakon USD
MTL-USD,Metal USD
STPT-USD,Standard Tokenization Protocol USD
POLS-USD,Polkastarter USD
KAI-USD,KardiaChain USD
DVI-USD,Dvision Network USD
STARL-USD,Starlink USD
STRK-USD,Strike USD
GXC-USD,GXChain USD
MIR1-USD,Mirror Protocol USD
MASK1-USD,Mask Network USD
CENNZ-USD,Centrality USD
DERO-USD,Dero USD
XVS-USD,Venus USD
SUSD-USD,sUSD USD
ORN-USD,Orion Protocol USD
UBT-USD,Unibright USD
IQ-USD,Everipedia USD
CRTS-USD,Cratos USD
FUN-USD,FUNToken USD
LAT-USD,PlatON USD
DEP-USD,DEAPcoin USD
SNL-USD,Sport and Leisure USD
DVF-USD,DeversiFi USD
GHST-USD,Aavegotchi USD
ADS-USD,Adshares USD
HTR-USD,Hathor USD
RIF-USD,RSK Infrastructure Framework USD
SOLO-USD,Sologenic USD
YOOSHI-USD,YooShi USD
MLN-USD,Enzyme USD
CFG-USD,Centrifuge USD
SPA-USD,Sperax USD
POND-USD,Marlin USD
BADGER-USD,Badger DAO USD
FOX-USD,Shapeshift FOX Token USD
XPR-USD,Proton USD
HOO-USD,Hoo Token USD
ALT1-USD,Alitas USD
UTK-USD,Utrust USD
ALCX-USD,Alchemix USD
WILD-USD,Wilder World USD
QRDO-USD,Qredo USD
BIFI1-USD,Beefy Finance USD
TRU1-USD,TrueFi USD
BAL-USD,Balancer USD
KLV-USD,Klever USD
TT-USD,Thunder Token USD
VR-USD,Victoria VR USD
VUSDC-USD,Venus USDC USD
ABBC-USD,ABBC Coin USD
AIOZ-USD,AIOZ Network USD
DPI-USD,DeFi Pulse Index USD
EXRD-USD,e-Radix USD
DKA-USD,dKargo USD
OUSD-USD,Origin Dollar USD
TOMO-USD,TomoChain USD
BCD-USD,Bitcoin Diamond USD
IDEX-USD,IDEX USD
DG2-USD,Decentral Games USD
SFUND-USD,Seedify.fund USD
ETN-USD,Electroneum USD
EGG-USD,Nestree USD
VERI-USD,Veritaseum USD
STAKE-USD,STAKE USD
EROWAN-USD,SifChain USD
RBTC-USD,RSK Smart Bitcoin USD
VRA-USD,Verasity USD
CTK-USD,CertiK USD
VXV-USD,Vectorspace AI USD
XHV-USD,Haven Protocol USD
TLM-USD,Alien Worlds USD
MC-USD,Merit Circle USD
SLP-USD,Smooth Love Potion USD
HUNT-USD,HUNT USD
FWT-USD,Freeway Token USD
MWC-USD,MimbleWimbleCoin USD
THG-USD,Thetan Arena USD
AURY-USD,Aurory USD
WAN-USD,Wanchain USD
NOIA-USD,Syntropy USD
AGLD-USD,Adventure Gold USD
LCX-USD,LCX USD
CLV-USD,Clover Finance USD
AERGO-USD,Aergo USD
MFT-USD,Hifi Finance USD
TVK-USD,Terra Virtua Kolect USD
SFP-USD,SafePal USD
TKO-USD,Toko Token USD
SOUL-USD,Phantasma USD
GTC2-USD,Gitcoin USD
LOOM-USD,Loom Network USD
ARPA-USD,ARPA Chain USD
JASMY-USD,JasmyCoin USD
PEAK-USD,PEAKDEFI USD
CON-USD,CONUN USD
VOXEL-USD,Voxies USD
WNCG-USD,Wrapped NCG (Nine Chronicles Gold) USD
ZB-USD,ZB Token USD
SPS-USD,Splintershards USD
KP3R-USD,Keep3rV1 USD
CRE-USD,Carry USD
AMPL-USD,Ampleforth USD
ALI2-USD,Alethea Artificial Liquid Intelligence Token USD
DPR-USD,Deeper Network USD
WXT-USD,Wirex Token USD
TROY-USD,TROY USD
HI-USD,hi Dollar USD
CORE-USD,cVault.finance USD
CUSD-USD,Celo Dollar USD
ALPACA-USD,Alpaca Finance USD
CQT-USD,Covalent USD
LINA1-USD,Linear USD
AVA-USD,Travala.com USD
PLTC-USD,PlatonCoin USD
BNANA-USD,Chimpion USD
MV-USD,GensoKishi’s Metaverse USD
UQC-USD,Uquid Coin USD
PHA-USD,Phala Network USD
AQT-USD,Alpha Quark Token USD
DNT-USD,district0x USD
IRIS-USD,IRISnet USD
WOZX-USD,EFFORCE USD
FORTH-USD,Ampleforth Governance Token USD
YFII-USD,DFI.Money USD
VELO-USD,Velo USD
GMT1-USD,GMT Token USD
HYDRA-USD,Hydra USD
VRSC-USD,VerusCoin USD
ZEON-USD,ZEON USD
BOSON-USD,Boson Protocol USD
LOKA-USD,League of Kingdoms Arena USD
HNS-USD,Handshake USD
PCL-USD,PECULIUM USD
ROOK-USD,KeeperDAO USD
COVAL-USD,Circuits of Value USD
CBK-USD,Cobak Token USD
MLK-USD,MiL.k USD
MOC-USD,Moss Coin USD
QUICK-USD,QuickSwap USD
SDAO-USD,SingularityDAO USD
LTO-USD,LTO Network USD
BIOT-USD,BioPassport Token USD
FIDA-USD,Bonfida USD
ATA-USD,Automata Network USD
SWAP-USD,TrustSwap USD
BTS-USD,BitShares USD
RISE1-USD,EverRise USD
SAMO-USD,Samoyedcoin USD
EUM-USD,Elitium USD
PRE-USD,Presearch USD
UPP-USD,Sentinel Protocol USD
ALPINE-USD,Alpine F1 Team Fan Token USD
RFOX-USD,RFOX USD
RFR-USD,Refereum USD
SOV-USD,Sovryn USD
KMD-USD,Komodo USD
KILT-USD,KILT Protocol USD
QC-USD,Qcash USD
SDN-USD,Shiden Network USD
ONUS-USD,ONUS USD
ERN-USD,Ethernity Chain USD
EFI-USD,Efinity Token USD
RARE1-USD,SuperRare USD
FARM-USD,Harvest Finance USD
XCAD-USD,XCAD Network USD
BZZ-USD,Swarm USD
COS-USD,Contentos USD
DAD-USD,DAD USD
CUBE-USD,Somnium Space Cubes USD
RAI-USD,Rai Reflex Index USD
FLM-USD,Flamingo USD
KIN-USD,Kin USD
MNW-USD,Morpheus.Network USD
ATOLO-USD,RIZON USD
ELA-USD,Elastos USD
COCOS-USD,Cocos-BCX USD
QUACK-USD,RichQUACK.com USD
CUDOS-USD,CUDOS USD
DIA-USD,DIA USD
MONA-USD,MonaCoin USD
DDX-USD,DerivaDAO USD
DERC-USD,DeRace USD
MOF-USD,Molecular Future USD
VBUSD-USD,Venus BUSD USD
ICHI-USD,ICHI USD
HIGH-USD,Highstreet USD
CHESS1-USD,Tranchess USD
BZRX-USD,bZx Protocol USD
SWP-USD,Kava Swap USD
NCT-USD,PolySwarm USD
GF1-USD,GuildFi USD
NEST-USD,NEST Protocol USD
RBN-USD,Ribbon Finance USD
BABY1-USD,BabySwap USD
BABY1-USD,BabySwap USD
DATA-USD,Streamr USD
SERO-USD,Super Zero Protocol USD
RARI-USD,Rarible USD
ASM-USD,Assemble Protocol USD
CRA-USD,Crabada USD
DMCH-USD,Darma Cash USD
ADX-USD,Ambire AdEx USD
BOR-USD,BoringDAO USD
VEGA-USD,Vega Protocol USD
ATLAS-USD,Star Atlas USD
CITY1-USD,Manchester City Fan Token USD
GTN-USD,GlitzKoin USD
VAI-USD,Vai USD
ZLW-USD,Zelwin USD
PNY-USD,Peony USD
MSOL-USD,MARINADE STAKED SOL USD
CTXC-USD,Cortex USD
GRID-USD,Grid+ USD
GRS-USD,Groestlcoin USD
TPT-USD,TokenPocket USD
BOND-USD,BarnBridge USD
BLZ-USD,Bluzelle USD
TIME-USD,Chrono.tech USD
FCT1-USD,FirmaChain USD
BMX-USD,BitMart Token USD
TRB-USD,Tellor USD
ALEPH-USD,Aleph.im USD
HDAO-USD,HyperDAO USD
QSP-USD,Quantstamp USD
XNC-USD,XeniosCoin USD
NULS-USD,NULS USD
WNXM-USD,Wrapped NXM USD
GAS-USD,Gas USD
FIRO-USD,Firo USD
RVP-USD,Revolution Populi USD
SBD-USD,Steem Dollars USD
ALBT-USD,AllianceBlock USD
CXO-USD,CargoX USD
MIX-USD,MixMarvel USD
XMON-USD,XMON USD
LIT1-USD,Litentry USD
HARD-USD,Kava Lend USD
TORN-USD,Tornado Cash USD
RAMP-USD,RAMP USD
FIO-USD,FIO Protocol USD
PNK-USD,Kleros USD
LON-USD,Tokenlon Network Token USD
DFA-USD,DeFine USD
GENE1-USD,Genopets USD
FRONT-USD,Frontier USD
MARO-USD,Maro USD
VXVS-USD,Venus XVS USD
AION-USD,Aion USD
DODO-USD,DODO USD
SAITO-USD,Saito USD
CET-USD,CoinEx Token USD
AKRO-USD,Akropolis USD
OOKI-USD,Ooki Protocol USD
WHALE-USD,Whale Fall USD
FLETA-USD,FLETA USD
PSG-USD,Paris Saint-Germain Fan Token USD
NFTX-USD,NFTX USD
BSCPAD-USD,BSCPAD USD
PORTO-USD,FC Porto Fan Token USD
BANANA1-USD,ApeSwap Finance USD
MAP-USD,MAP Protocol USD
IDIA-USD,Impossible Decentralized Incubator Access USD
AMO-USD,AMO Coin USD
POSI-USD,Position Exchange USD
KEY-USD,Selfkey USD
BEL-USD,Bella Protocol USD
PRQ-USD,PARSIQ USD
REV-USD,RChain USD
ONIT-USD,ONBUFF USD
BTR1-USD,Bitrue Coin USD
CERE-USD,Cere Network USD
MUSD-USD,mStable USD USD
ZNN-USD,Zenon USD
MAPS-USD,MAPS USD
APX-USD,ApolloX USD
OM-USD,MANTRA DAO USD
DF-USD,dForce USD
BEAM-USD,Beam USD
SIX-USD,SIX USD
NYE-USD,NewYork Exchange USD
FIS-USD,Stafi USD
KAR-USD,Karura USD
BTM-USD,Bytom USD
NRG-USD,Energi USD
AHT-USD,AhaToken USD
NMC-USD,Namecoin USD
DXD-USD,DXdao USD
STT1-USD,StarTerra USD
DREP-USD,Drep [new] USD
NWC-USD,Newscrypto USD
WTC-USD,Waltonchain USD
AE-USD,Aeternity USD
GOM2-USD,AnimalGo USD
MITH-USD,Mithril USD
CLT-USD,CoinLoan USD
LAZIO-USD,S.S. Lazio Fan Token USD
BLCT-USD,Bloomzed Loyalty Club Ticket USD
IHF-USD,Invictus Hyperion Fund USD
LA-USD,LATOKEN USD
NBS-USD,New BitShares USD
MDT-USD,Measurable Data Token USD
SOLVE-USD,SOLVE USD
URUS-USD,Aurox USD
YLD1-USD,YIELD App USD
ZASH-USD,ZIMBOCASH USD
KRL-USD,Kryll USD
CRPT-USD,Crypterium USD
MET-USD,Metronome USD
BEPRO-USD,BEPRO Network USD
LSS-USD,Lossless USD
GTO-USD,Gifto USD
BTSE-USD,BTSE USD
DVPN-USD,Sentinel USD
OXEN-USD,Oxen USD
RAINI-USD,Rainicorn USD
RBC-USD,Rubic USD
MATH-USD,MATH USD
SHPING-USD,SHPING USD
VUSDT-USD,Venus USDT USD
DEGO-USD,Dego Finance USD
GAFI-USD,GameFi USD
POLIS1-USD,Star Atlas DAO USD
HOTCROSS-USD,Hot Cross USD
FSN-USD,Fusion USD
SWTH-USD,Switcheo USD
CTCN-USD,CONTRACOIN USD
BOA-USD,BOSAGORA USD
AUCTION-USD,Bounce Finance Governance Token USD
HOPR-USD,HOPR USD
BTU-USD,BTU Protocol USD
BASIC-USD,BASIC USD
XWG-USD,X World Games USD
ULT-USD,Ultiledger USD
DGD-USD,DigixDAO USD
CVP-USD,PowerPool USD
MIAU-USD,Mirrored iShares Gold Trust USD
VSYS-USD,v.systems USD
PDEX-USD,Polkadex USD
KRT-USD,TerraKRW USD
BAR-USD,FC Barcelona Fan Token USD
BURGER-USD,Burger Swap USD
CIV1-USD,Civilization USD
CELL-USD,Cellframe USD
DEXT-USD,DEXTools USD
MVC-USD,MileVerse USD
SOFI-USD,RAI Finance USD
RSV-USD,Reserve USD
EDG1-USD,Edgeware USD
USDK-USD,USDK USD
WICC-USD,WaykiChain USD
HEZ-USD,Hermez Network USD
PNT1-USD,pNetwork USD
XCP-USD,Counterparty USD
STACK1-USD,StackOs USD
DOCK-USD,Dock USD
VBIT-USD,Valobit USD
TABOO-USD,TABOO TOKEN USD
DEXE-USD,DeXe USD
CREAM-USD,Cream Finance USD
ZBC-USD,Zebec Protocol USD
WOOP-USD,Woonkly Power USD
ATRI-USD,Atari Token USD
QTCON-USD,Quiztok USD
EPIK-USD,EPIK Prime USD
OPUL-USD,Opulous USD
NIF-USD,Unifty USD
GO-USD,GoChain USD
NUM-USD,Numbers Protocol USD
SLIM-USD,Solanium USD
SUKU-USD,SUKU USD
EPIC-USD,Epic Cash USD
NIM-USD,Nimiq USD
SHFT-USD,Shyft Network USD
INTER-USD,Inter Milan Fan Token USD
MCT3-USD,Metacraft USD
BCN-USD,Bytecoin USD
FOR-USD,ForTube USD
ADP-USD,Adappter Token USD
VITE-USD,VITE USD
STC-USD,Student Coin USD
LGCY-USD,LGCY Network USD
GODS-USD,Gods Unchained USD
EVZ-USD,Electric Vehicle Zone USD
HAI-USD,Hacken Token USD
OLT-USD,OneLedger USD
QASH-USD,QASH USD
POA-USD,POA Network USD
GET-USD,GET Protocol USD
TMTG-USD,The Midas Touch Gold USD
LTX-USD,Lattice Token USD
INV-USD,Inverse Finance USD
REVV-USD,REVV USD
ANJ-USD,Aragon Court USD
VID-USD,VideoCoin USD
GHX-USD,GamerCoin USD
ASK-USD,Permission Coin USD
GPX-USD,GPEX USD
GLCH-USD,Glitch USD
STOS-USD,Stratos USD
ROUTE-USD,Router Protocol USD
PCX-USD,ChainX USD
XOR-USD,SORA USD
CAPS-USD,Ternoa USD
ZCN-USD,0Chain USD
LNR-USD,Lunar USD
PKT2-USD,PKT USD
THN-USD,Throne USD
METAG-USD,MetagamZ USD
NGM-USD,e-Money USD
INSUR-USD,InsurAce USD
APL-USD,Apollo Currency USD
DOV-USD,Dovu USD
AST-USD,AirSwap USD
HIBS-USD,Hiblocks USD
QRL-USD,Quantum Resistant Ledger USD
PERL-USD,PERL.eco USD
DORA-USD,Dora Factory USD
XNO1-USD,Xeno Token USD
SANTOS-USD,Santos FC Fan Token USD
WING1-USD,Wing Finance USD
CGG-USD,ChainGuardians USD
EL-USD,ELYSIA USD
NFTY-USD,NFTY Network USD
TEMCO-USD,TEMCO USD
GYEN-USD,GYEN USD
AUTO-USD,Auto USD
DOBO-USD,DogeBonk USD
SOC1-USD,Soda Coin USD
UNFI-USD,Unifi Protocol DAO USD
CLO-USD,Callisto Network USD
BAN-USD,Banano USD
VIDT-USD,VIDT Datalink USD
ARV-USD,Ariva USD
CYCLUB-USD,CYCLUB USD
KDAG-USD,King DAG USD
SCP-USD,ScPrime USD
SPIRIT-USD,SpiritSwap USD
SOCKS-USD,Unisocks USD
BUX-USD,BUX Token USD
TRA-USD,Trabzonspor Fan Token USD
FUSE-USD,Fuse Network USD
NXS-USD,Nexus USD
SNTVT-USD,Sentivate USD
ERC20-USD,ERC20 USD
TREEB-USD,Retreeb USD
HOGE-USD,Hoge Finance USD
DX-USD,DxChain Token USD
ORION-USD,Orion Money USD
PUSH-USD,Ethereum Push Notification Service USD
BF-USD,BitForex Token USD
ACM1-USD,AC Milan Fan Token USD
XFT-USD,Offshift USD
SHIRYO-INU-USD,Shiryo-Inu USD
LBC-USD,LBRY Credits USD
ZKS-USD,ZKSwap USD
SAN-USD,Santiment Network Token USD
OBSR-USD,Observer USD
SHX-USD,Stronghold Token USD
RDD-USD,ReddCoin USD
PAC-USD,PAC Protocol USD
ID-USD,Everest USD
MITX-USD,Morpheus Labs USD
VEMP-USD,vEmpire DDAO USD
BRD-USD,Bread USD
PNG-USD,Pangolin USD
KAN-USD,BitKan USD
PENDLE-USD,Pendle USD
VTC-USD,Vertcoin USD
PAID-USD,PAID Network USD
VEED-USD,VIMworld USD
PEX2-USD,PearDAO USD
CTX-USD,Cryptex Finance USD
KYL-USD,Kylin USD
OPCT-USD,Opacity USD
PORNROCKET-USD,PORNROCKET USD
REAP-USD,ReapChain USD
GFI2-USD,Goldfinch USD
BAX-USD,BABB USD
DFL-USD,DeFi Land USD
GST2-USD,GST USD
PKF-USD,PolkaFoundry USD
MEETONE-USD,MEET.ONE USD
O3-USD,O3 Swap USD
NEX-USD,Nash USD
PIVX-USD,PIVX USD
QI1-USD,BENQI USD
VRT-USD,Venus Reward Token USD
ES-USD,Era Swap USD
FLX1-USD,Reflexer Ungovernance Token USD
HC-USD,HyperCash USD
PPT-USD,Populous USD
ARIA20-USD,Arianee USD
MOBI-USD,Mobius USD
VAL-USD,Validity USD
NEW-USD,Newton USD
BIDR-USD,BIDR USD
CHP-USD,CoinPoker USD
GBYTE-USD,Obyte USD
POLK-USD,Polkamarkets USD
GHC-USD,Galaxy Heroes Coin USD
SHR-USD,ShareToken USD
ABT-USD,Arcblock USD
PPC-USD,Peercoin USD
IFC-USD,Infinitecoin USD
DRGN-USD,Dragonchain USD
ZIG-USD,Zigcoin USD
WIKEN-USD,Project WITH USD
IDRT-USD,Rupiah Token USD
AVT-USD,Aventus USD
TONE-USD,TE-FOOD USD
PMON-USD,Polychain Monsters USD
UPI-USD,Pawtocol USD
DSLA-USD,DSLA Protocol USD
NFTD1-USD,NFTrade USD
USDJ-USD,USDJ USD
TCT-USD,TokenClub USD
MTV-USD,MultiVAC USD
AOG-USD,smARTOFGIVING USD
ASTA-USD,ASTA USD
VSP-USD,Vesper USD
ORAI-USD,Oraichain Token USD
APM-USD,apM Coin USD
HAM-USD,Hamster USD
PLU-USD,Pluton USD
PALLA-USD,Pallapay USD
PROB-USD,ProBit Token USD
KONO-USD,Konomi Network USD
SPARTA-USD,Spartan Protocol USD
LIKE-USD,LikeCoin USD
MLT-USD,MILC Platform USD
QQQ-USD,Poseidon Network USD
BTRS-USD,Bitball Treasure USD
DEHUB-USD,DeHub USD
OOE-USD,OpenOcean USD
UNCX-USD,UniCrypt USD
AGRS-USD,Agoras: Currency of Tau USD
BELT-USD,Belt Finance USD
GRIN-USD,Grin USD
JUP-USD,Jupiter USD
GMEE-USD,GAMEE USD
LOTTO-USD,Lotto USD
GXT1-USD,Gem Exchange And Trading USD
GOC-USD,GoCrypto Token USD
UPUNK-USD,Unicly CryptoPunks Collection USD
GAME-USD,GameCredits USD
BTCP-USD,Bitcoin Private USD
NAS-USD,Nebulas USD
STARS-USD,Mogul Productions USD
MHC-USD,#MetaHash USD
BIR-USD,Birake USD
GSWAP-USD,Gameswap USD
BTC2-USD,Bitcoin 2 USD
DG1-USD,DeGate USD
BETU-USD,BetU USD
DAFI-USD,DAFI Protocol USD
SHILL-USD,SHILL Token USD
ONE-USD,BigONE Token USD
IPX-USD,Tachyon Protocol USD
SYLO-USD,Sylo USD
SIGNA-USD,Signum USD
DACXI-USD,Dacxi USD
FOAM-USD,FOAM USD
CARD-USD,Cardstack USD
XTM-USD,Torum USD
HEGIC-USD,Hegic USD
SFI-USD,saffron.finance USD
PLANETS-USD,PlanetWatch USD
RSS3-USD,RSS3 USD
XEP-USD,Electra Protocol USD
MAHA-USD,MahaDAO USD
GCR2-USD,Global Coin Research USD
DIGG-USD,DIGG USD
ATM-USD,Atletico De Madrid Fan Token USD
CHI-USD,Xaya USD
STANDARD-USD,Stakeborg DAO USD
CWV-USD,CWV Chain USD
OXY-USD,Oxygen USD
ONSTON-USD,ONSTON USD
POOLZ-USD,Poolz Finance USD
VEE-USD,BLOCKv USD
NAV-USD,Navcoin USD
PBR-USD,PolkaBridge USD
GAL-USD,Galatasaray Fan Token USD
UFT-USD,UniLend USD
MOOV-USD,Dotmoovs USD
ELMON-USD,Elemon USD
WOM-USD,WOM Protocol USD
IGNIS-USD,Ignis USD
XCUR-USD,Curate USD
BHP-USD,BHPCoin USD
BIP-USD,Minter Network USD
TON-USD,Tokamak Network USD
INXT-USD,Internxt USD
ERA-USD,ERA TOKEN (Era7) USD
SWFTC-USD,SwftCoin USD
VIDYA-USD,Vidya USD
VALOR-USD,Valor Token USD
MTRG-USD,Meter Governance USD
WABI-USD,Wabi USD
K21-USD,K21 USD
GOVI-USD,Govi USD
VISR-USD,Visor.Finance USD
XED-USD,Exeedme USD
MATTER-USD,AntiMatter Governance Token USD
FO-USD,FIBOS USD
TNC1-USD,TNC Coin USD
TRV-USD,TrustVerse USD
MAAPL-USD,Mirrored Apple USD
XPX-USD,ProximaX USD
DEXA-USD,DEXA COIN USD
XFL-USD,Florin USD
MSLV-USD,Mirrored iShares Silver Trust USD
ZOO1-USD,ZooKeeper USD
HAPI-USD,HAPI USD
TOC-USD,TouchCon USD
STAX-USD,StableXSwap USD
XRT-USD,Robonomics.network USD
ANCT-USD,Anchor USD
TULIP-USD,SolFarm USD
KALM-USD,Kalmar USD
BHAO-USD,Bithao USD
GNY-USD,GNY USD
DERI-USD,Deri Protocol USD
CPOOL-USD,Clearpool USD
APY-USD,APY.Finance USD
DOGEDASH-USD,Doge Dash USD
MINT2-USD,Mint Club USD
STRX-USD,StrikeX USD
DHT-USD,dHedge DAO USD
SIDUS-USD,SIDUS HEROES USD
MPH1-USD,88mph USD
VSXP-USD,Venus SXP USD
SRK-USD,SparkPoint USD
PART-USD,Particl USD
ZANO-USD,Zano USD
YOUC-USD,yOUcash USD
AMB-USD,Ambrosus USD
TRIAS-USD,Trias Token (new) USD
TNB-USD,Time New Bank USD
CRU-USD,Crust Network USD
BLY-USD,Blocery USD
DIP-USD,Etherisc DIP Token USD
HPT-USD,Huobi Pool Token USD
PZM-USD,PRIZM USD
ABYSS-USD,Abyss USD
MQQQ-USD,Mirrored Invesco QQQ Trust USD
TEN-USD,Tokenomy USD
TAROT-USD,Tarot USD
GATE-USD,Gate USD
MTSLA-USD,Mirrored Tesla USD
ETP-USD,Metaverse ETP USD
SLRS-USD,Solrise Finance USD
JULD-USD,JulSwap USD
VLTC-USD,Venus LTC USD
SATT-USD,SaTT USD
DTEP-USD,DECOIN USD
NEBL-USD,Neblio USD
BCMC-USD,Blockchain Monster Hunt USD
EOSC-USD,EOS Force USD
MAMZN-USD,Mirrored Amazon USD
RING-USD,Darwinia Network USD
DXL-USD,Dexlab USD
IQN-USD,IQeon USD
UBX-USD,UBIX.Network USD
SHA-USD,Safe Haven USD
MMSFT-USD,Mirrored Microsoft USD
IPAD-USD,Infinity PAD USD
BFT-USD,BnkToTheFuture USD
0XBTC-USD,0xBitcoin USD
NFTB-USD,NFTb USD
SFT-USD,Safex Token USD
SWOP-USD,Swop USD
KROM-USD,Kromatika USD
MFG-USD,Smart MFG USD
VLINK-USD,Venus LINK USD
1ART-USD,ArtWallet USD
SUTER-USD,suterusu USD
DFYN-USD,Dfyn Network USD
SKEY-USD,Skey Network USD
NXT-USD,Nxt USD
SOC-USD,All Sports USD
RINGX-USD,RING X PLATFORM USD
NOW-USD,ChangeNOW Token USD
REVO-USD,Revomon USD
GNX-USD,Genaro Network USD
WELL-USD,WELL USD
SAFE-USD,SafeCoin USD
LITH-USD,Lithium USD
NVT-USD,NerveNetwork USD
MUSE-USD,Muse USD
RDN-USD,Raiden Network Token USD
ASR-USD,AS Roma Fan Token USD
OAX-USD,OAX USD
AAB-USD,AAX Token USD
PICKLE-USD,Pickle Finance USD
LEVL-USD,Levolution USD
WEST-USD,Waves Enterprise USD
AWC-USD,Atomic Wallet Coin USD
ZYN-USD,Zynecoin USD
LIKE1-USD,Only1 USD
SPI-USD,Shopping USD
BNC1-USD,Bifrost (BNC) USD
VCF-USD,Valencia CF Fan Token USD
MCB-USD,MCDEX Token USD
PACOCA-USD,Pacoca USD
SHROOM-USD,Niftyx Protocol USD
ROOBEE-USD,ROOBEE USD
RAE-USD,Receive Access Ecosystem USD
MTWTR-USD,Mirrored Twitter USD
JUV-USD,Juventus Fan Token USD
SCC1-USD,STEM CELL COIN USD
TOKO-USD,Tokoin USD
SARCO-USD,Sarcophagus USD
HOD-USD,HoDooi.com USD
CAS-USD,Cashaa USD
PAY-USD,TenX USD
MOD-USD,Modefi USD
FKX-USD,FortKnoxster USD
ANW-USD,Anchor Neural World USD
FKX-USD,FortKnoxster USD
CLOAK-USD,CloakCoin USD
BTNT-USD,BitNautic Token USD
CIRUS-USD,Cirus Foundation USD
OXB-USD,Oxbull.tech USD
LNC-USD,Linker Coin USD
SATA-USD,Signata USD
ZEE-USD,ZeroSwap USD
XRUNE-USD,Thorstarter USD
CHICKS-USD,SolChicks Token USD
EBEN-USD,Green Ben USD
ISP-USD,Ispolink USD
PHB1-USD,Phoenix Global (new) USD
SLICE-USD,Tranche Finance USD
BP1-USD,Beyond Protocol USD
FARA-USD,FaraLand USD
MNFLX-USD,Mirrored Netflix USD
CUMMIES-USD,CumRocket USD
SWINGBY-USD,Swingby USD
SENSO-USD,SENSO USD
AOA-USD,Aurora USD
TARA-USD,Taraxa USD
VINU1-USD,Vita Inu USD
ROCO1-USD,ROCO FINANCE USD
CWS-USD,Seascape Crowns USD
IDV-USD,Idavoll Network USD
APIX-USD,APIX USD
BAAS-USD,BaaSid USD
MBABA-USD,Mirrored Alibaba USD
VINU1-USD,Vita Inu USD
SMI-USD,SafeMoon Inu USD
MTA-USD,mStable Governance Token: Meta (MTA) USD
SMT-USD,SmartMesh USD
METAPETS-USD,MetaPets USD
RPG1-USD,Rangers Protocol USD
FNDZ-USD,FNDZ USD
PSP-USD,ParaSwap USD
CS-USD,Credits USD
KMON-USD,Kryptomon USD
SNM-USD,SONM (BEP-20) USD
CONV-USD,Convergence USD
DON2-USD,Don-key USD
ADK-USD,Aidos Kuneen USD
BIFI2-USD,BiFi USD
RFUEL-USD,RioDeFi USD
UMB-USD,Umbrella Network USD
EPK-USD,EpiK Protocol USD
PRT-USD,Portion USD
EMRX-USD,Emirex Token USD
FIN-USD,DeFiner USD
EMRX-USD,Emirex Token USD
FIN-USD,DeFiner USD
SWASH-USD,Swash USD
MINT1-USD,Public Mint USD
DPS-USD,DEEPSPACE USD
CHNG-USD,Chainge USD
PETS-USD,MicroPets USD
DCN-USD,Dentacoin USD
XEND-USD,Xend Finance USD
KARMA-USD,KARMA USD
VDOT-USD,Venus DOT USD
PRISM-USD,Prism USD
ENQ-USD,Enecuum USD
TFT-USD,ThreeFold USD
LITH1-USD,Lith Token USD
GEEQ-USD,Geeq USD
ACT-USD,Achain USD
ERSDL-USD,unFederalReserve USD
OOKS-USD,Onooks USD
AFC1-USD,Arsenal Fan Token USD
CARBON-USD,Carboncoin USD
MYST-USD,Mysterium USD
NPXSXEM-USD,Pundi X NEM USD
XMC-USD,Monero Classic USD
ADAPAD-USD,ADAPad USD
ODDZ-USD,Oddz USD
PLOT-USD,PlotX USD
DBC-USD,DeepBrain Chain USD
DMD-USD,Diamond USD
FB2-USD,Fenerbahçe Token USD
BBS1-USD,BBS Network USD
FCON-USD,SpaceFalcon USD
MEME1-USD,Degenerator Meme USD
LAMB-USD,Lambda USD
MBN1-USD,Mobilian Coin USD
TAU-USD,Lamden USD
SHI-USD,Shirtum USD
CBC-USD,CBC.network USD
WAG-USD,WagyuSwap USD
VDAI-USD,Venus DAI USD
EXNT-USD,ExNetwork Token USD
VLD-USD,Vetri USD
WOW-USD,Wownero USD
SALT-USD,SALT USD
ICE1-USD,Decentral Games ICE USD
TRIX-USD,TriumphX USD
DDIM-USD,DuckDaoDime USD
FRM-USD,Ferrum Network USD
ARMOR-USD,ARMOR USD
LCC-USD,Litecoin Cash USD
BOLT-USD,BOLT USD
CGT-USD,CACHE Gold USD
CRP-USD,Crypton USD
DOSE-USD,DOSE USD
PING-USD,Sonar USD
FREE-USD,FREEdom Coin USD
GTON-USD,Graviton USD
DOE-USD,Dogs Of Elon USD
LOG-USD,Woodcoin USD
LIME-USD,iMe Lab USD
UBXT-USD,UpBots USD
BDP1-USD,Big Data Protocol USD
VIB-USD,Viberate USD
VPP-USD,Virtue Poker USD
SIB-USD,SIBCoin USD
GHOST-USD,Ghost USD
DOGGY-USD,DOGGY USD
UFC1-USD,UFC Fan Token USD
EZ-USD,EasyFi USD
ARA1-USD,Adora Token USD
MIST1-USD,Mist USD
WOOF-USD,WOOF USD
IDLE-USD,Idle USD
BMON-USD,Binamon USD
NORD-USD,Nord Finance USD
TOWER-USD,TOWER USD
UNB-USD,Unbound USD
MIST1-USD,Mist USD
JGN-USD,Juggernaut USD
GCC1-USD,Global Cryptocurrency USD
PI-USD,Plian USD
BLP-USD,BullPerks USD
GRO-USD,Growth DeFi USD
STRONG-USD,Strong USD
WGR-USD,Wagerr USD
TKN-USD,Monolith USD
LIGHT-USD,Lightning USD
TXA-USD,Project TXA USD
COV-USD,Covesting USD
EUNO-USD,EUNO USD
TFL-USD,TFL.io USD
ITGR-USD,Integral USD
BLANK-USD,Blank Wallet USD
FXF-USD,Finxflo USD
BOX1-USD,BOX Token USD
SEELE-USD,Seele-N USD
IDNA-USD,Idena USD
BIN-USD,Binemon USD
BHC-USD,BillionHappiness USD
KTN-USD,Kattana USD
KTN-USD,Kattana USD
VEST-USD,VestChain USD
AXIS1-USD,AXIS Token USD
NFT-USD,NFT USD
OG-USD,OG Fan Token USD
PAI-USD,Project Pai USD
STARSHIP-USD,STARSHIP USD
MONI-USD,Monsta Infinite USD
GMB1-USD,GAMB USD
ARCONA-USD,Arcona USD
NEWS-USD,PUBLISH USD
BOTTO-USD,Botto USD
SIN1-USD,Sin City Metaverse USD
CUT-USD,CUTcoin USD
GZONE-USD,GameZone USD
FCT-USD,Factom USD
SKILL-USD,CryptoBlades USD
NPX-USD,NaPoleonX USD
EMC2-USD,Einsteinium USD
TFBX-USD,TrueFeedBack USD
KOM-USD,Kommunitas USD
STRP-USD,Strips Finance USD
DIO1-USD,Decimated USD
YOP-USD,Yield Optimization Platform & Protocol USD
STA-USD,STATERA USD
SKY-USD,Skycoin USD
EQUAD-USD,QuadrantProtocol USD
BITCNY-USD,bitCNY USD
SLT-USD,Smartlands Network USD
MSB-USD,Misbloc USD
RVF-USD,RocketX USD
PLC-USD,PLATINCOIN USD
BIRD1-USD,Bird.Money USD
USF-USD,Unslashed Finance USD
CRON-USD,Cryptocean USD
MASS-USD,Massnet USD
GENRE-USD,GENRE USD
ALY-USD,ALLY USD
DNA1-USD,Metaverse Dualchain Network Architecture USD
LAYER-USD,UniLayer USD
MAN-USD,Matrix AI Network USD
ATT-USD,Attila USD
BAO-USD,Bao Finance USD
CVT-USD,CyberVein USD
1-UP-USD,1-UP Platform USD
RCN-USD,Ripio Credit Network USD
NANJ-USD,NANJCOIN USD
WNT-USD,Wicrypt USD
FLG-USD,Folgory Coin USD
SPH-USD,Spheroid Universe USD
SPH-USD,Spheroid Universe USD
CFI-USD,CyberFi Token USD
PBX-USD,Paribus USD
TCP1-USD,The Crypto Prophecies USD
LYM-USD,Lympo USD
GIG-USD,Krios USD
ASTRO1-USD,AstroSwap USD
MONA1-USD,Monavale USD
NABOX-USD,Nabox USD
KICK-USD,KickToken USD
JOB-USD,Jobchain USD
BONE1-USD,Bone ShibaSwap USD
CMT1-USD,CyberMiles USD
ZT-USD,ZBG Token USD
GOZ-USD,Göztepe S.K. Fan Token USD
STAK1-USD,Jigstack USD
BASID-USD,Basid Coin USD
VDG-USD,VeriDocGlobal USD
CCX-USD,Conceal USD
BMI-USD,Bridge Mutual USD
TEER-USD,Integritee Network USD
KAT-USD,Kambria USD
LOCG-USD,LOCGame USD
GMCOIN-USD,GMCoin USD
OIN-USD,OIN Finance USD
ACE1-USD,ACENT USD
KCCPAD-USD,KCCPAD USD
PKR-USD,Polker USD
CLH-USD,ClearDAO USD
SCC2-USD,StakeCubeCoin USD
KLO-USD,Kalao USD
HVN-USD,Hiveterminal Token USD
QLC-USD,QLC Chain USD
TRUE-USD,TrueChain USD
AME-USD,AMEPAY USD
WSG-USD,Wall Street Games USD
MASQ-USD,MASQ USD
AMLT-USD,AMLT USD
HYVE-USD,Hyve USD
YUMMY-USD,YUMMY USD
INSTAR-USD,Insights Network USD
RPG-USD,Revolve Games USD
TOP-USD,TOP USD
IF-USD,Impossible Finance USD
HEC1-USD,Heroes Chained USD
GLQ-USD,Graphlinq Protocol USD
BEM-USD,BEMIL Coin USD
BONDLY-USD,Bondly USD
SENATE-USD,SIDUS HEROES DAO USD
NFTI-USD,NFT Index USD
NFTI-USD,NFT Index USD
UDO-USD,Unido EP USD
BTCZ-USD,BitcoinZ USD
XY-USD,XY Finance USD
ONION-USD,DeepOnion USD
INT-USD,INT USD
BIX-USD,Bibox Token USD
XIO-USD,Blockzero Labs USD
TXL-USD,Tixl USD
MEDA-USD,Medacoin USD
BCDT-USD,EvidenZ USD
ARDX-USD,ArdCoin USD
VAB-USD,Vabble USD
DEC-USD,Decentr USD
GRC-USD,Gridcoin USD
EQZ-USD,Equalizer USD
TENT-USD,TENT USD
EM-USD,Eminer USD
PLR-USD,Pillar USD
PAWTH-USD,Pawthereum USD
TKING-USD,Tiger King USD
VIBE-USD,VIBE USD
LIFE-USD,Life Crypto USD
VSO-USD,Verso USD
KEX-USD,Kira Network USD
VSO-USD,Verso USD
KEX-USD,Kira Network USD
RAZOR-USD,Razor Network USD
RTH-USD,Rotharium USD
ESD-USD,Empty Set Dollar USD
CTI-USD,ClinTex CTi USD
MONK-USD,MONK USD
IGG-USD,IG Gold USD
ETHPAD-USD,ETHPad USD
GTH-USD,Gather USD
ONX2-USD,ownix USD
DAX-USD,DAEX USD
ICNQ-USD,Iconic Token USD
MCASH-USD,Mcashchain USD
XFC-USD,Footballcoin USD
FINE-USD,Refinable USD
HPB-USD,High Performance Blockchain USD
H2O3-USD,H2O Dao USD
LBTC-USD,Lightning Bitcoin USD
HOT-USD,Hydro Protocol USD
BOLLY-USD,BollyCoin USD
1WO-USD,1World USD
PLAY-USD,HEROcoin USD
VIN-USD,VINchain USD
DYP-USD,DeFi Yield Protocol USD
SWRV-USD,Swerve USD
YFL-USD,YF Link USD
OCTO-USD,OctoFi USD
MTH-USD,Monetha USD
HORD-USD,Hord USD
$ANRX-USD,AnRKey X USD
CYC-USD,Cyclone Protocol USD
FAIR1-USD,FairGame USD
GRLC-USD,Garlicoin USD
GLC-USD,Goldcoin USD
OTO-USD,OTOCASH USD
UBQ-USD,Ubiq USD
NLG-USD,Gulden USD
REPO-USD,REPO USD
DOUGH-USD,PieDAO DOUGH v2 USD
EDG-USD,Edgeless USD
SNC-USD,SunContract USD
EXM-USD,EXMO Coin USD
EGT-USD,Egretia USD
WEBD-USD,WebDollar USD
LFW-USD,Legend of Fantasy War USD
PTF-USD,PowerTrade Fuel USD
YOU-USD,YOU COIN USD
FEVR-USD,RealFevr USD
ISIKC-USD,Isiklar Coin USD
LAND1-USD,Landshare USD
BANK1-USD,Float Protocol (Bank) USD
LBA-USD,Cred USD
UNISTAKE-USD,Unistake USD
YEC-USD,Ycash USD
YFIII-USD,DiFy.Finance USD
MRX-USD,Metrix Coin USD
IMT-USD,Moneytoken USD
PVU-USD,Plant Vs Undead USD
YAM1-USD,YAM V3 USD
BOOM-USD,BOOM USD
NCASH-USD,Nitro Network USD
QCX-USD,QuickX Protocol USD
UMX-USD,UniMex Network USD
TX-USD,TransferCoin USD
DTX-USD,Databroker USD
SMARTCREDIT-USD,SmartCredit Token USD
PWAR-USD,PolkaWar USD
DEFIT-USD,Digital Fitness USD
CMERGE1-USD,CoinMerge BSC USD
OLY-USD,Olyseum USD
DINU-USD,Dogey-Inu USD
ZAP-USD,Zap USD
EOSDT-USD,EOSDT USD
EFX-USD,Effect Network USD
EFX-USD,Effect Network USD
FEAR-USD,Fear USD
SHOPX-USD,Splyt USD
DOP1-USD,Drops Ownership Power USD
FAB-USD,Fabric USD
DITTO-USD,Ditto USD
PLSPAD-USD,PulsePad USD
XNL-USD,Chronicle USD
METAX-USD,MetaverseX USD
MENGO-USD,Flamengo Fan Token USD
AXPR-USD,AXPR USD
MYRA-USD,Mytheria USD
HGET-USD,Hedget USD
NYC-USD,NewYorkCoin USD
HZN-USD,Horizon Protocol USD
TCC-USD,The ChampCoin USD
KINGSHIB-USD,King Shiba USD
BRKL-USD,Brokoli Network USD
HTML-USD,HTMLCOIN USD
RAVEN-USD,Raven Protocol USD
COR-USD,Coreto USD
SNY-USD,Synthetify USD
DDOS-USD,disBalancer USD
STND-USD,Standard Protocol USD
PROS-USD,Prosper USD
RHYTHM-USD,Rhythm USD
PPAY-USD,Plasma Finance USD
MIR-USD,MIR COIN USD
CSP-USD,Caspian USD
XSN-USD,Stakenet USD
BUY-USD,Burency USD
COMBO-USD,Furucombo USD
CMERGE-USD,CoinMerge USD
DAPP-USD,LiquidApps USD
BID3-USD,TopBidder USD
STPL-USD,Stream Protocol USD
SYNC-USD,SYNC Network USD
GOT1-USD,ParkinGo USD
DUCK1-USD,Duck DAO (DLP Duck Token) USD
LOWB-USD,Loser Coin USD
ILC-USD,ILCOIN USD
MARSH-USD,UnMarshal USD
INEX-USD,Inex Project USD
ITC-USD,IoT Chain USD
VEX-USD,Vexanium USD
DPET-USD,My DeFi Pet USD
CRD-USD,CRD Network USD
SPC-USD,SpaceChain USD
VIA-USD,Viacoin USD
PROPS-USD,Props Token USD
EDN-USD,Eden USD
LUFC-USD,Leeds United Fan Token USD
UDOO-USD,Howdoo USD
WOW1-USD,WOWswap USD
RET-USD,RealTract USD
PMGT-USD,Perth Mint Gold Token USD
CV-USD,carVertical USD
TRADE1-USD,Polytrade USD
1EARTH-USD,EarthFund USD
GST1-USD,Gunstar Metaverse USD
EXRN-USD,EXRNchain USD
MND-USD,Mind Music USD
FINA-USD,Defina Finance USD
HAKKA-USD,Hakka.Finance USD
XCV-USD,XCarnival USD
LANC-USD,Lanceria USD
YUSRA-USD,YUSRA USD
XCASH-USD,X-CASH USD
RBLX-USD,Rublix USD
VNLA-USD,Vanilla Network USD
XCHF-USD,CryptoFranc USD
AAC-USD,Acute Angle Cloud USD
SPWN-USD,Bitspawn USD
SOLX-USD,Soldex USD
BIST-USD,Bistroo USD
PWR-USD,PWR Coin USD
OPIUM-USD,Opium USD
CAPP-USD,Cappasity USD
TERC-USD,TronEuropeRewardCoin USD
RAZE-USD,Raze Network USD
OMNI-USD,Omni USD
CPC-USD,CPChain USD
NRP-USD,Neural Protocol USD
LND-USD,Lendingblock USD
HTD-USD,HeroesTD USD
WHITE-USD,Whiteheart USD
PAD1-USD,NearPad USD
BIS-USD,Bismuth USD
URQA-USD,UREEQA USD
SMART-USD,SmartCash USD
UAXIE-USD,Unicly Mystic Axies Collection USD
DRF-USD,DRIFE USD
FTC-USD,Feathercoin USD
OCN-USD,Odyssey USD
NAFT-USD,Nafter USD
SHARD-USD,Shard USD
XAUR-USD,Xaurum USD
LET-USD,LinkEye USD
KABY-USD,Kaby Arena USD
PLA2-USD,PLANET USD
BLK-USD,BlackCoin USD
UTU-USD,UTU Protocol USD
GIO-USD,Graviocoin USD
TYC-USD,Tycoon USD
SFD-USD,SAFE DEAL USD
NIOX-USD,Autonio USD
HELMET-USD,Helmet.insure USD
CPT-USD,Cryptaur USD
CND-USD,Cindicator USD
MODIC-USD,Modern Investment Coin USD
LAUNCH-USD,SuperLauncher USD
FYD-USD,FYDcoin USD
TRADE-USD,Unitrade USD
DAV-USD,DAV Coin USD
MINTME-USD,MintMe.com Coin USD
ORS-USD,Origin Sport USD
CHESS-USD,ChessCoin USD
SUMO-USD,Sumokoin USD
XPM-USD,Primecoin USD
HUSH-USD,Hush USD
WNL-USD,WinStars.live USD
CHADS-USD,CHADS VC USD
NAX-USD,NextDAO USD
DINO1-USD,DinoSwap USD
BRZE-USD,Breezecoin USD
BRZE-USD,Breezecoin USD
HNST-USD,Honest USD
CSM-USD,Crust Shadow USD
S4F-USD,S4FE USD
KGO-USD,KIWIGO USD
EFL-USD,e-Gulden USD
1X2-USD,1X2 COIN USD
XHI-USD,HiCoin USD
YOYOW-USD,YOYOW USD
IDEA-USD,Ideaology USD
HBX-USD,HashBX USD
BTB-USD,BitBall USD
CAJ-USD,Cajutel USD
EMC-USD,Emercoin USD
GHOST1-USD,GHOSTPRISM USD
ARG-USD,Argentine Football Association Fan Token USD
XSUTER-USD,xSuter USD
VEIL-USD,Veil USD
BUY1-USD,Buying.com USD
TRTL-USD,TurtleCoin USD
KART-USD,Dragon Kart USD
MEME-USD,Memetic / PepeCoin USD
DNXC-USD,DinoX USD
SIN-USD,SINOVATE USD
PMA-USD,PumaPay USD
POLIS-USD,Polis USD
TRTL-USD,TurtleCoin USD
ELAMA-USD,Elamachain USD
FJC-USD,FujiCoin USD
PPP-USD,PayPie USD
ARES-USD,Ares Protocol USD
KT-USD,Kuai Token USD
FCL-USD,Fractal USD
XSR1-USD,Xensor USD
ODIN-USD,ODIN PROTOCOL USD
AMA1-USD,Mrweb Finance USD
ZEFU-USD,Zenfuse USD
8PAY-USD,8PAY USD
TUP-USD,TenUp USD
VDL-USD,Vidulum USD
ASKO-USD,ASKO USD
ETHO-USD,Etho Protocol USD
WATCH-USD,yieldwatch USD
CRP1-USD,CropperFinance USD
RYO-USD,Ryo Currency USD
LINKA-USD,LINKA USD
SILVA-USD,Silva Token USD
IXC-USD,Ixcoin USD
OPEN-USD,Open Platform USD
GSC-USD,Global Social Chain USD
GSC-USD,Global Social Chain USD
POR-USD,Portugal National Team Fan Token USD
WPR-USD,WePower USD
FAM-USD,Famcentral USD
DMG-USD,DMM: Governance USD
SKM-USD,Skrumble Network USD
GLEEC-USD,Gleec USD
EFC-USD,Everton Fan Token USD
PERI-USD,PERI Finance USD
PRCY-USD,PRCY Coin USD
TRAVA-USD,TRAVA.FINANCE USD
GDAO-USD,Governor DAO USD
CNTR-USD,Centaur USD
CAT-USD,Cat Token USD
ZUSD1-USD,ZUSD USD
TTN-USD,Titan Coin USD
BTX-USD,BitCore USD
MCM-USD,Mochimo USD
CRWNY-USD,Crowny USD
SHIBX-USD,SHIBAVAX USD
QRK-USD,Quark USD
BLKC-USD,BlackHat USD
AM-USD,Aston Martin Cognizant Fan Token USD
BBANK-USD,BlockBank USD
TRIO-USD,Tripio USD
SWM-USD,Swarm USD
PUT-USD,PutinCoin USD
SPO-USD,Spores Network USD
GLINT-USD,Beamswap USD
LEDU-USD,Education Ecosystem USD
XST-USD,Stealth USD
COLX-USD,ColossusXT USD
BHD-USD,BitcoinHD USD
SRN-USD,SIRIN LABS Token USD
PIN-USD,Public Index Network USD
ZOON-USD,CryptoZoon USD
RIO-USD,Realio Network USD
DAPS-USD,DAPS Coin USD
SCCP-USD,S.C. Corinthians Fan Token USD
GVT-USD,Genesis Vision USD
THC-USD,HempCoin USD
RYOSHI-USD,Ryoshi Token USD
POT-USD,PotCoin USD
ESS-USD,Essentia USD
PEOS-USD,pEOS USD
XLA-USD,Scala USD
XAMP-USD,Antiample USD
COOK-USD,Cook Protocol USD
HANDY-USD,Handy USD
OWC-USD,ODUWA USD
XDN-USD,DigitalNote USD
OCE-USD,OceanEx Token USD
SONO1-USD,SonoCoin USD
SPORE2-USD,Spore USD
WINGS-USD,Wings USD
GTC-USD,Game.com USD
BITS1-USD,Bitswift USD
FSW-USD,Falconswap USD
MAX1-USD,MAX Exchange Token USD
VIDY-USD,VIDY USD
MTN-USD,Medicalchain USD
AEON-USD,Aeon USD
NEXT1-USD,ShopNEXT USD
CORA-USD,Corra.Finance USD
APPC-USD,AppCoins USD
ACK-USD,AcknoLedger USD
PEPS-USD,PEPS Coin USD
AVL-USD,Aston Villa Fan Token USD
ETGP-USD,Ethereum Gold Project USD
COT-USD,CoTrader USD
SAUBER-USD,Alfa Romeo Racing ORLEN Fan Token USD
QDAO-USD,Q DAO Governance token v1.0 USD
2CRZ-USD,2crazyNFT USD
CVR-USD,CoverCompared USD
REDPANDA-USD,Redpanda Earth USD
LKR-USD,Polkalokr USD
CORN1-USD,Cornichon USD
PUPPY-USD,Shar Pei (PUPPY) USD
GOF-USD,Golff USD
RHT-USD,Reward Hunters Token USD
HMQ-USD,Humaniq USD
BXC-USD,BonusCloud USD
TIPS-USD,FedoraCoin USD
HIT-USD,HitChain USD
OST-USD,OST USD
SEEN-USD,SEEN USD
BXX-USD,Baanx USD
MGO-USD,MobileGo USD
NDX-USD,Indexed Finance USD
FUND-USD,Unification USD
CLS-USD,Coldstack USD
AMON-USD,AmonD USD
MAT-USD,My Master War USD
RXS-USD,Rune Shards USD
TRTT-USD,Trittium USD
XPD-USD,PetroDollar USD
KNDC-USD,KanadeCoin USD
YETIC-USD,YetiCoin USD
KTON-USD,Darwinia Commitment Token USD
PHNX-USD,PhoenixDAO USD
KTON-USD,Darwinia Commitment Token USD
PHNX-USD,PhoenixDAO USD
PXL-USD,PIXEL USD
BLAST1-USD,SafeBlast USD
TKP-USD,TOKPIE USD
SMG-USD,Smaugs NFT USD
MDS-USD,MediShares USD
YAE-USD,Cryptonovae USD
ESBC-USD,ESBC USD
TYPE-USD,Typerium USD
XPNET-USD,XP NETWORK USD
DOS-USD,DOS Network USD
XTAG-USD,xHashtag DAO USD
DEV-USD,Dev Protocol USD
SNET-USD,Snetwork USD
LANA-USD,LanaCoin USD
GALO-USD,Clube Atlético Mineiro Fan Token USD
LZ-USD,LaunchZone USD
DAC-USD,Davinci Coin USD
KKO-USD,Kineko USD
RUFF-USD,Ruff USD
CURE-USD,Curecoin USD
TAD-USD,Tadpole Finance USD
UMASK-USD,Unicly Hashmasks Collection USD
SFX1-USD,SUBX FINANCE LAB USD
EVED-USD,Evedo USD
DRC-USD,Dracula Token USD
RENA-USD,Warena USD
FNT-USD,Falcon Project USD
GEN-USD,DAOstack USD
NCDT-USD,Nuco.cloud USD
PST-USD,Primas USD
DYN-USD,Dynamic USD
FORM-USD,Formation Fi USD
PLF-USD,PlayFuel USD
DVC-USD,DragonVein USD
VBCH-USD,Venus BCH USD
PAINT-USD,MurAll USD
BASE-USD,Base Protocol USD
XTP-USD,Tap USD
BCUBE-USD,B-cube.ai USD
DIME-USD,Dimecoin USD
MAKI-USD,MakiSwap USD
CRE8-USD,Creaticles USD
ADD-USD,Add.xyz USD
SPFC-USD,Sao Paulo FC Fan Token USD
LXT-USD,Litex USD
FTX-USD,FintruX Network USD
CHEEMS-USD,Cheems USD
RUNE2-USD,Rune USD
TSX-USD,TradeStars USD
CRW-USD,Crown USD
XDOGE1-USD,ClassicDoge USD
SYP-USD,Sypool USD
TKY-USD,THEKEY USD
YBO-USD,Young Boys Fan Token USD
IBFK-USD,?stanbul Ba?ak?ehir Fan Token USD
RAINBOW-USD,Rainbow Token USD
IETH-USD,iEthereum USD
OML-USD,Omlira USD
X8X-USD,X8X Token USD
CHX-USD,WeOwn USD
KRB-USD,Karbo USD
PXC-USD,Phoenixcoin USD
WTF1-USD,Waterfall DeFi USD
POLI-USD,Polinate USD
JRT-USD,Jarvis Network USD
DEB-USD,Debitum USD
BANKER-USD,BankerDoge USD
ZDR-USD,Zloadr USD
ROCKI-USD,ROCKI USD
BHO-USD,Bholdus USD
GENESIS-USD,Genesis Worlds USD
DOWS-USD,Shadows USD
GFI-USD,Gravity Finance USD
KCASH-USD,Kcash USD
OKS-USD,Oikos USD
UBEX-USD,Ubex USD
AITRA-USD,Aitra USD
VNXLU-USD,VNX USD
XRC-USD,xRhodium USD
DEFI++-USD,PieDAO DEFI++ USD
APYS-USD,APYSwap USD
RISE-USD,Rise USD
UIP-USD,UnlimitedIP USD
PINK-USD,Pinkcoin USD
XMX-USD,XMax USD
FACE-USD,Faceter USD
SMT1-USD,Swarm Markets USD
C20-USD,CRYPTO20 USD
CANN-USD,CannabisCoin USD
STM-USD,Streamity USD
NRV-USD,Nerve Finance USD
ETNA-USD,ETNA Network USD
NUX-USD,Peanut USD
AMN-USD,Amon USD
BOB-USD,Bob's Repair USD
SAM1-USD,Samsunspor Fan Token USD
XPN-USD,PANTHEON X USD
SNB-USD,SynchroBitcoin USD
XPN-USD,PANTHEON X USD
SNB-USD,SynchroBitcoin USD
SIGN-USD,Signature Chain USD
L2-USD,Leverj Gluon USD
DOGEC-USD,DogeCash USD
SAKE-USD,SakeToken USD
FYP-USD,FlypMe USD
CHAT-USD,ChatCoin USD
BLINK1-USD,BLink USD
GLS-USD,Golos Blockchain USD
IBP-USD,Innovation Blockchain Payment USD
ACM-USD,Actinium USD
CNS-USD,Centric Swap USD
LEAD-USD,Lead Wallet USD
AG8-USD,AtromG8 USD
HGOLD-USD,HollyGold USD
ADM-USD,ADAMANT Messenger USD
GARD-USD,Hashgard USD
D-USD,Denarius USD
BYN-USD,Beyondfi USD
BPS-USD,BitcoinPoS USD
KTLYO-USD,Katalyo USD
?BTC-USD,?Bitcoin USD
MUE-USD,MonetaryUnit USD
KANGAL-USD,Kangal USD
APN-USD,Apron Network USD
APL1-USD,Apollon Limassol USD
PCNT-USD,Playcent USD
STV-USD,Sint-Truidense Voetbalvereniging Fan Token USD
XMY-USD,Myriad USD
RVC-USD,Ravencoin Classic USD
AIRT-USD,AirNFTs USD
WISH-USD,MyWish USD
EBA-USD,Elpis Battle USD
ATP-USD,Atlas Protocol USD
MXX-USD,Multiplier USD
QCH-USD,QChi USD
BCA-USD,Bitcoin Atom USD
DEPAY-USD,DePay USD
AUC-USD,Auctus USD
TELOS-USD,Teloscoin USD
ADB-USD,adbank USD
VLXPAD-USD,VelasPad USD
BOMB-USD,BOMB USD
SUB-USD,Substratum USD
DVP-USD,Decentralized Vulnerability Platform USD
PVM-USD,PRIVATEUM INITIATIVE USD
MANNA-USD,Manna USD
UCA-USD,UCA Coin USD
WORLD-USD,World Token USD
WSPP-USD,Wolf Safe Poor People USD
ION-USD,ION USD
FS-USD,FantomStarter USD
MOWA-USD,Moniwar USD
LML-USD,Link Machine Learning USD
TIP1-USD,SugarBounce USD
ASAP-USD,Chainswap USD
HTDF-USD,Orient Walt USD
STZEN-USD,StakedZEN USD
QUAI-USD,QUAI DAO USD
FLIXX-USD,Flixxo USD
XCT-USD,Citadel.one USD
NAVI-USD,Natus Vincere Fan Token USD
PHI-USD,PHI Token USD
FST-USD,1irstcoin USD
BATH-USD,Battle Hero USD
DOKI-USD,Doki Doki Finance USD
TIDAL-USD,Tidal Finance USD
SHOE-USD,ShoeFy USD
BGL-USD,Bitgesell USD
DIT-USD,Digital Insurance Token USD
SETH-USD,Sether USD
RNT-USD,OneRoot Network USD
XPC-USD,eXPerience Chain USD
BECN-USD,Beacon USD
RNT-USD,OneRoot Network USD
BECN-USD,Beacon USD
LOOT-USD,NFTLootBox USD
SOUL1-USD,CryptoSoul USD
BRY-USD,Berry Data USD
TPAY-USD,TokenPay USD
PFL-USD,Professional Fighters League Fan Token USD
BZNT-USD,Bezant USD
SPHTX-USD,SophiaTX USD
VIG-USD,VIG USD
HYC-USD,HYCON USD
SAO-USD,Sator USD
CTT1-USD,CryptoTycoon USD
DYNA-USD,Dynamix USD
SHIP-USD,ShipChain USD
VAULT-USD,VAULT USD
TOL-USD,Tolar USD
LCS-USD,LocalCoinSwap USD
ECOM-USD,Omnitude USD
BZE-USD,BZEdge USD
BNU-USD,ByteNext USD
EXE-USD,8X8 PROTOCOL USD
ZCL-USD,ZClassic USD
VIPS-USD,Vipstar Coin USD
BITX-USD,BitScreener Token USD
ARGON-USD,Argon USD
PASC-USD,Pascal USD
YEE-USD,YEE USD
VGW-USD,VegaWallet Token USD
EOSDAC-USD,eosDAC USD
HYDRO-USD,Hydro USD
UUU-USD,U Network USD
TCS-USD,Timechain Swap Token USD
DACS-USD,DACSEE USD
ADABOY-USD,ADA BOY USD
ZUKI-USD,Zuki Moba USD
TAP-USD,Tapmydata USD
LDFI-USD,Lendefi USD
KEYFI-USD,KeyFi USD
DTA-USD,DATA USD
JADE-USD,Jade Currency USD
MNE-USD,Minereum USD
CPO-USD,Cryptopolis USD
CLR-USD,Color Platform USD
PGT-USD,Polyient Games Governance Token USD
ACCEL-USD,ACCEL USD
ELAND-USD,ETHERLAND USD
MILK2-USD,Spaceswap MILK2 USD
KIT-USD,DexKit USD
NAME-USD,PolkaDomain USD
DEAL-USD,iDealCash USD
VNT-USD,VNT Chain USD
ALN-USD,Aluna.Social USD
MTLX-USD,Mettalex USD
RED-USD,RED USD
DPY-USD,Delphy USD
LTHN-USD,Lethean USD
NTK-USD,Neurotoken USD
AIRI-USD,aiRight USD
BUZZ-USD,BUZZCoin USD
FAIR-USD,FairCoin USD
YF-DAI-USD,YFDAI.FINANCE USD
SCB-USD,Space Cow Boy USD
ASPO-USD,ASPO World USD
IOC-USD,I/O Coin USD
SMLY-USD,SmileyCoin USD
SNOW-USD,SnowSwap USD
BTO-USD,Bottos USD
A-USD,Alpha Token USD
DRC1-USD,Digital Reserve Currency USD
MNTT-USD,MoonTrust USD
CSPN-USD,Crypto Sports USD
MANDOX-USD,MandoX USD
PHT-USD,Lightstreams USD
XBC-USD,Bitcoin Plus USD
MANDOX-USD,MandoX USD
PHT-USD,Lightstreams USD
IHT-USD,IHT Real Estate Protocol USD
XBC-USD,Bitcoin Plus USD
EDR-USD,Endor Protocol USD
NYZO-USD,Nyzo USD
HQX-USD,HOQU USD
EBST-USD,eBoost USD
ATL-USD,ATLANT USD
ISA-USD,Islander USD
ELEC-USD,Electrify.Asia USD
ETHYS-USD,Ethereum Stake USD
GS-USD,Genesis Shards USD
EYE1-USD,MeDIA eYe USD
WELT-USD,Fabwelt USD
PXG-USD,PlayGame USD
EKT-USD,EDUCare USD
NEXT-USD,NEXT USD
SNOB-USD,Snowball USD
KP4R-USD,Keep4r USD
DMT-USD,DMarket USD
MAX-USD,Maxcoin USD
TOTM-USD,TotemFi USD
VDR-USD,Vodra USD
OGO-USD,Origo USD
BAC-USD,Basis Cash USD
CRACE-USD,Coinracer USD
FUEL-USD,Etherparty USD
CRX-USD,CryptEx USD
KNIGHT-USD,Forest Knight USD
COFI-USD,CoinFi USD
GEO1-USD,GeoDB USD
SIG-USD,xSigma USD
TONS-USD,Thisoption USD
SCR-USD,Scorum Coins USD
FRKT-USD,FRAKT Token USD
TRST-USD,WeTrust USD
NBOT-USD,Naka Bodhi Token USD
TRC-USD,Terracoin USD
PLA-USD,Plair USD
TERA-USD,TERA USD
TN-USD,TurtleNetwork USD
CLAM2-USD,OtterClam (New) USD
STBU-USD,Stobox Token USD
BANCA-USD,Banca USD
VIKKY-USD,VikkyToken USD
OSWAP-USD,OpenSwap USD
CGT1-USD,Curio Governance USD
PAR-USD,Parachute USD
STAR-USD,Starbase USD
STAR-USD,Starbase USD
LYNC-USD,LYNC Network USD
GEO-USD,GeoCoin USD
HTZ-USD,Hertz Network USD
SHAKE-USD,Spaceswap SHAKE USD
OCT-USD,OracleChain USD
STEP-USD,Step Finance USD
BLU-USD,BlueCoin USD
BNF-USD,BonFi USD
BLUE-USD,Blue Protocol USD
N1-USD,NFTify USD
RENDOGE-USD,renDOGE USD
AZUKI-USD,Azuki USD
BOX-USD,ContentBox USD
EVX-USD,Everex USD
WG0-USD,Wrapped Gen-0 CryptoKitties USD
DTH-USD,Dether USD
XIV-USD,Project Inverse USD
YIELD-USD,Yield Protocol USD
SS-USD,Sharder USD
SWACE-USD,Swace USD
UCH-USD,Universidad de Chile Fan Token USD
TCH1-USD,TigerCash USD
SUB1-USD,Subme USD
LUS-USD,Luna Rush USD
PTOY-USD,Patientory USD
INK-USD,Ink USD
N8V-USD,NativeCoin USD
COIN-USD,Coin Artist USD
BITD-USD,8Bit Doge USD
MOTO-USD,Motocoin USD
PYLON-USD,Pylon Finance USD
ZUM1-USD,ZUM TOKEN USD
NIFT-USD,Niftify USD
UFARM-USD,UniFarm USD
GMAT-USD,GoWithMi USD
ENG-USD,Enigma USD
NDR-USD,Node Runners USD
BALPHA-USD,bAlpha USD
MOMA-USD,Mochi Market USD
ALL-USD,Alliance Fan Token USD
RATING-USD,DPRating USD
AYA-USD,Aryacoin USD
SET-USD,Save Environment Token USD
JAR-USD,Jarvis+ USD
AMA-USD,AMATEN USD
2KEY-USD,2key.network USD
SPD1-USD,SPINDLE USD
OK-USD,OKCash USD
MCT-USD,Master Contract Token USD
NCT1-USD,Name Change Token USD
CFL-USD,CryptoFlow USD
FOUR-USD,4THPILLAR TECHNOLOGIES USD
ASTRO-USD,AstroTools USD
ZENI-USD,Zennies USD
CNB-USD,Coinsbit Token USD
CERES-USD,Ceres USD
MNTP-USD,GoldMint USD
CAI-USD,Club Atletico Independiente USD
CORGIB-USD,The Corgi of PolkaBridge USD
OLXA-USD,OLXA USD
PPBLZ-USD,Pepemon Pepeballs USD
REM-USD,Remme USD
ETHA-USD,ETHA Lend USD
ADC-USD,AudioCoin USD
NIX-USD,NIX USD
QWC-USD,Qwertycoin USD
SDT1-USD,Stake DAO USD
BCUG-USD,Blockchain Cuties Universe Governance USD
ARQ-USD,Arqma USD
UBN-USD,Ubricoin USD
LEG-USD,Legia Warsaw Fan Token USD
IXT-USD,IXT USD
IND-USD,Indorse Token USD
RUP-USD,Rupee USD
HTN-USD,Heart Number USD
ROGUE-USD,Rogue West USD
GSAIL-USD,SolanaSail Governance Token USD
DBET-USD,DecentBet USD
DOGES-USD,Dogeswap USD
CUMSTAR-USD,CumStar USD
ARGO-USD,ArGo USD
BUNI-USD,Bunicorn USD
WARP-USD,Warp Finance USD
LEPA-USD,Lepasa USD
PIPT-USD,Power Index Pool Token USD
BXY-USD,Beaxy USD
WQT-USD,WorkQuest Token USD
HEAT-USD,HEAT USD
GRG-USD,RigoBlock USD
ETHY-USD,Ethereum Yield USD
ROOM-USD,OptionRoom USD
RBT2-USD,Robust Token USD
ORB-USD,Orbitcoin USD
AC-USD,ACoconut USD
CCN-USD,CustomContractNetwork USD
BEER-USD,Beer Money USD
XBP-USD,BlitzPick USD
XLAB-USD,XcelToken Plus USD
WCK-USD,Wrapped Basic CryptoKitties USD
WCK-USD,Wrapped Basic CryptoKitties USD
FRC-USD,Freicoin USD
BOBO-USD,Bobo Cash USD
SWT-USD,Swarm City USD
SSTX-USD,Silver Stonks USD
IONC-USD,IONChain USD
PASS-USD,Blockpass USD
INFI-USD,Insured Finance USD
PGN-USD,Pigeoncoin USD
FIC-USD,Filecash USD
XLT-USD,Nexalt USD
DFSG-USD,DFSocial Gaming USD
ALT-USD,Alt.Estate token USD
ZNZ-USD,ZENZO USD
ORAO-USD,ORAO Network USD
MOTA-USD,MotaCoin USD
KDG-USD,Kingdom Game 4.0 USD
RAGE-USD,Rage Fan USD
FXT-USD,FuzeX USD
AZ-USD,Azbit USD
CNTM-USD,Connectome USD
DVD-USD,DAOventures USD
CUR-USD,Curio USD
PIZZA-USD,Pizza USD
QBT-USD,Qbao USD
BITB-USD,Bean Cash USD
DINO-USD,DinoExchange USD
MSR-USD,Masari USD
ZEBI-USD,Zebi Token USD
L3P-USD,Lepricon USD
TIK-USD,ChronoBase USD
TH-USD,Team Heretics Fan Token USD
TCORE-USD,Tornado USD
WFX-USD,Webflix Token USD
MIB-USD,MIB Coin USD
IOEN-USD,Internet of Energy Network USD
FDZ-USD,Friendz USD
PHR-USD,Phore USD
RMPL-USD,RMPL USD
DFS1-USD,Defis Network USD
XIOT-USD,Xiotri USD
BCPT-USD,Blockmason Credit Protocol USD
XNK-USD,Ink Protocol USD
YTSLA-USD,yTSLA Finance USD
ARNX-USD,Aeron USD
MBC-USD,MicroBitcoin USD
DWEB-USD,DecentraWeb USD
VIVID-USD,Vivid Coin USD
ZORA-USD,Zoracles USD
LMY-USD,LunchMoney USD
ZPT-USD,Zeepin USD
EQL-USD,Equal USD
RONINGMZ-USD,Ronin Gamez USD
NSURE-USD,Nsure.Network USD
NAAL-USD,Ethernaal USD
TRUMP-USD,TrumpCoin USD
UFR-USD,Upfiring USD
SHARE-USD,Seigniorage Shares USD
CNN-USD,Content Neutrality Network USD
MNC1-USD,Maincoin USD
1MT-USD,1Million Token USD
LONDON-USD,$LONDON USD
TNC-USD,Trinity Network Credit USD
XCN-USD,Cryptonite USD
EXCL-USD,ExclusiveCoin USD
PVT-USD,Pivot Token USD
NFY-USD,Non-Fungible Yearn USD
CDL-USD,CoinDeal Token USD
DOPE-USD,DopeCoin USD
RVL-USD,REVIVAL USD
HERO2-USD,Step Hero USD
SSP-USD,Smartshare USD
KWT-USD,Kawaii Islands USD
FOC-USD,TheForce Trade USD
MOONS-USD,MoonTools USD
NSR-USD,NuShares USD
DONUT-USD,Donut USD
ACAT-USD,Alphacat USD
BID1-USD,DeFi Bids USD
IRD-USD,Iridium USD
BNTY-USD,Bounty0x USD
ZUT-USD,Zero Utility Token USD
KICKS-USD,Sessia USD
NETKO-USD,Netko USD
PIRATE-USD,PirateCash USD
YSEC-USD,Yearn Secure USD
DRT-USD,DomRaider USD
MNC-USD,Moneynet USD
PKG-USD,PKG Token USD
TANGO-USD,keyTango USD
DLT-USD,Agrello USD
KOBO-USD,Kobocoin USD
DAM-USD,Datamine USD
GEM-USD,Gems USD
XAS-USD,Asch USD
OWN-USD,OWNDATA USD
AID-USD,AidCoin USD
EXP-USD,Expanse USD
KSEED-USD,Kush Finance USD
PAK-USD,Pakcoin USD
BBP-USD,BiblePay USD
SWING-USD,Swing USD
VEKTOR-USD,VEKTOR USD
RFI-USD,reflect.finance USD
KALA-USD,Kalata USD
UGAS-USD,UGAS USD
RITO-USD,Ritocoin USD
MES-USD,MesChain USD
MASK-USD,NFTX Hashmasks Index USD
DDK-USD,DDKoin USD
TROLL-USD,Trollcoin USD
SCONEX-USD,Sportcash One USD
HSC-USD,HashCoin USD
KUV-USD,Kuverit USD
DDL-USD,DeFi Degen Land USD
CBM-USD,CryptoBonusMiles USD
HOMI-USD,HOMIHELP USD
POSW-USD,PoSW Coin USD
DZG-USD,Dinamo Zagreb Fan Token USD
PEG-USD,PegNet USD
GMC-USD,GokuMarket Credit USD
BTR-USD,Bitether USD
EOST-USD,EOS TRUST USD
SXUT-USD,Spectre.ai Utility Token USD
NCC-USD,NeuroChain USD
NCC-USD,NeuroChain USD
NVC-USD,Novacoin USD
ACA-USD,ACA Token USD
FLUX1-USD,Datamine FLUX USD
SNRG-USD,Synergy USD
ALA1-USD,Alanyaspor Fan Token USD
XNV-USD,Nerva USD
COLL-USD,Collateral Pay USD
AFEN-USD,AFEN Blockchain USD
ESCE-USD,Escroco Emerald USD
AIX-USD,Aigang USD
DCTO-USD,Decentralized Crypto Token USD
MEL-USD,Melalie USD
BITS-USD,Bitstar USD
2GIVE-USD,2GIVE USD
PYM-USD,Playermon USD
RASKO-USD,rASKO USD
ALI-USD,AiLink Token USD
ZUM-USD,ZumCoin USD
EDC-USD,EDC Blockchain USD
CREDIT-USD,CREDIT USD
RGP-USD,Rigel Protocol USD
TYPH-USD,Typhoon Network USD
EGEM-USD,EtherGem USD
POE-USD,Po.et USD
VIT-USD,Team Vitality Fan Token USD
ETG-USD,Ethereum Gold USD
MODX-USD,MODEL-X-coin USD
NOR-USD,Noir USD
MTHD-USD,Method Finance USD
KFT-USD,Knit Finance USD
PKT-USD,Playkey USD
BSTY-USD,GlobalBoost-Y USD
GUM-USD,Gourmet Galaxy USD
KIMCHI-USD,KIMCHI.finance USD
JET-USD,Jetcoin USD
PTD-USD,Peseta Digital USD
FTI-USD,FansTime USD
ZSC-USD,Zeusshield USD
GEAR-USD,Bitgear USD
BITTO-USD,BITTO USD
FONT-USD,Font USD
PNT-USD,Penta USD
KWS-USD,Knight War - The Holy Trio USD
ARCO-USD,AquariusCoin USD
SHDW-USD,Shadow Token USD
CMCT-USD,Cyber Movie Chain USD
SMC-USD,SmartCoin (SMC) USD
NOV-USD,Novara Calcio Fan Token USD
PYRO-USD,PYRO Network USD
PRARE-USD,POLKARARE USD
COSM-USD,Cosmo Coin USD
TAG-USD,TagCoin USD
FLX-USD,Felixo Coin USD
CATT-USD,Catex Token USD
SAMU-USD,Samusky USD
UDOKI-USD,Unicly Doki Doki Collection USD
ENT-USD,Eternity USD
BMH-USD,BlockMesh USD
PHX-USD,Phoenix Token USD
TRL-USD,Triall USD
EGG2-USD,Goose Finance USD
WCO-USD,Winco USD
SOAR-USD,SOAR.FI USD
SKYRIM-USD,Skyrim Finance USD
SND-USD,SnodeCoin USD
XBY-USD,XTRABYTES USD
UPX-USD,uPlexa USD
UP-USD,UpToken USD
ETI-USD,EtherInc USD
DYT-USD,DoYourTip USD
NBC-USD,Niobium Coin USD
TUBE-USD,BitTube USD
WOWS-USD,Wolves of Wall Street USD
KFX-USD,KnoxFS (New) USD
BCV-USD,BitCapitalVendor USD
COB-USD,Cobinhood USD
ATCC-USD,ATC Coin USD
X42-USD,x42 Protocol USD
FLTY-USD,Fluity USD
SPD-USD,Stipend USD
ZER-USD,Zero USD
CJ-USD,Cryptojacks USD
RBIES-USD,Rubies USD
BITG-USD,Bitcoin Green USD
GFX-USD,GamyFi Platform USD
SVX-USD,Savix USD
2LC-USD,2local USD
MPAY-USD,MenaPay USD
TSL-USD,Energo USD
ARATA-USD,Arata USD
ZXC-USD,0xcert USD
VOX-USD,Vox.Finance USD
BERRY-USD,Rentberry USD
GPYX-USD,GoldenPyrex USD
IOG-USD,Playgroundz USD
ATMOS-USD,Atmos USD
CTASK-USD,CryptoTask USD
DGC-USD,Digitalcoin USD
GCN-USD,GCN Coin USD
SFUEL-USD,SparkPoint Fuel USD
SOTA-USD,SOTA Finance USD
SENC-USD,Sentinel Chain USD
LOCK-USD,Meridian Network USD
STKR-USD,StakerDAO USD
GOLD1-USD,Golden Goose USD
TBX-USD,Tokenbox USD
BDS-USD,Big Digital Shares USD
ART-USD,Maecenas USD
CORX-USD,CorionX USD
DAB-USD,DABANKING USD
BUNNY-USD,Pancake Bunny USD
CROAT-USD,CROAT USD
HEROEGG-USD,HeroFi USD
BOUTS-USD,BoutsPro USD
ZCR-USD,ZCore USD
BTA-USD,Bata USD
YOC-USD,Yocoin USD
HOR-USD,Horde USD
YVS-USD,YVS.Finance USD
ZET-USD,Zetacoin USD
DGTX-USD,Digitex USD
INX-USD,Insight Protocol USD
DCNTR-USD,Decentrahub Coin USD
PIPL-USD,PiplCoin USD
SMTY-USD,Smoothy USD
GET1-USD,Themis USD
DINGO-USD,DINGO TOKEN USD
MX1-USD,MarsX USD
DHV-USD,DeHive USD
TZC-USD,TrezarCoin USD
USNBT-USD,NuBits USD
XGT-USD,Xion Finance USD
KUE-USD,Kuende USD
BIRD-USD,Birdchain USD
LMT-USD,Lympo Market Token USD
ROUSH-USD,Roush Fenway Racing Fan Token USD
BREW-USD,CafeSwap Token USD
SACT-USD,srnArt Gallery USD
EVY-USD,EveryCoin USD
LEV1-USD,Levante U.D. Fan Token USD
CHONK-USD,Chonk USD
TNS-USD,Transcodium USD
ONG-USD,SoMee.Social [OLD] USD
YAXIS-USD,yAxis USD
LUX-USD,LUXCoin USD
XWP-USD,Swap USD
FLOT-USD,Fire Lotto USD
BC-USD,Bitcoin Confidential USD
FMTA-USD,Fundamenta USD
FMTA-USD,Fundamenta USD
RNBW-USD,HaloDAO USD
VRC-USD,VeriCoin USD
INSN-USD,InsaneCoin USD
SKIN-USD,SkinCoin USD
XLR-USD,Solaris USD
ROAD1-USD,Yellow Road USD
AUX-USD,Auxilium USD
NASH-USD,NeoWorld Cash USD
DML-USD,Decentralized Machine Learning USD
KURT-USD,Kurrent USD
BDP-USD,BidiPass USD
CLX-USD,Celeum USD
WVG0-USD,Wrapped Virgin Gen-0 CryptoKitties USD
AXIS-USD,Axis DeFi USD
KCAL-USD,Phantasma Energy USD
NFXC-USD,NFX Coin USD
ATB-USD,ATBCoin USD
FIRE-USD,Fireball USD
ESH-USD,Switch USD
AMM-USD,MicroMoney USD
RTE-USD,Rate3 USD
MEC-USD,Megacoin USD
CHI1-USD,Chi Gastoken USD
DAY-USD,Chronologic USD
MAS-USD,MidasProtocol USD
MAC-USD,Matrexcoin USD
TDP-USD,TrueDeck USD
TEND-USD,Tendies USD
LHT-USD,LHT USD
BBK-USD,Bitblocks USD
COGI-USD,9D NFT USD
FOR1-USD,Fortuna Sittard Fan Token USD
MOJO-USD,MojoCoin USD
BTZC-USD,BeatzCoin USD
XSH-USD,SHIELD USD
MMO-USD,MMOCoin USD
BWX-USD,Blue Whale EXchange USD
AXE-USD,Axe USD
LYRA-USD,Scrypta USD
EVIL-USD,Evil Coin USD
BBO-USD,Bigbom USD
EKO-USD,EchoLink USD
ITL-USD,Italian Lira USD
ANC-USD,Anoncoin USD
OMC-USD,Ormeus Cash USD
STS-USD,SBank USD
GOT-USD,GoNetwork USD
ZLA-USD,Zilla USD
ELY-USD,Elysian USD
OPEN1-USD,Open Governance Token USD
ASAFE-USD,AllSafe USD
ZUC-USD,ZeuxCoin USD
LCP-USD,Litecoin Plus USD
FYZ-USD,Fyooz USD
WSPP1-USD,Wolf Safe Poor People (Polygon) USD
ENTRC-USD,EnterCoin USD
ADI-USD,Aditus USD
BTW-USD,BitWhite USD
GBX-USD,GoByte USD
NINO-USD,Ninneko USD
GLT-USD,GlobalToken USD
CPU-USD,CPUchain USD
UCM1-USD,Unicly Chris McCann Collection USD
MBN-USD,Membrana USD
SIMP-USD,SIMP Token USD
MBONK-USD,megaBONK USD
SHMN-USD,StrongHands Masternode USD
TRUST-USD,TrustDAO USD
YTN-USD,YENTEN USD
TAN-USD,Taklimakan Network USD
NSD-USD,Nasdacoin USD
CSTL-USD,Castle USD
VAL1-USD,SORA Validator Token USD
AWSB-USD,aWSB USD
LAND-USD,Landbox USD
PGO-USD,PengolinCoin USD
ANON-USD,ANON USD
CHEESE-USD,Cheesecoin USD
NTR-USD,Netrum USD
SWIFT-USD,SwiftCash USD
COVA-USD,COVA USD
PRIX-USD,Privatix USD
LLG-USD,Lucid Lands USD
SFCP-USD,SF Capital USD
MCC-USD,MultiCoinCasino USD
ARAW-USD,ARAW USD
EVE-USD,Devery USD
RBT-USD,Rimbit USD
CO2-USD,Collective USD
OPAL-USD,Opal USD
INNBC-USD,Innovative Bioresearch Coin USD
BTDX-USD,Bitcloud USD
INVE-USD,InterValue USD
NEVA-USD,NevaCoin USD
FNB-USD,FNB Protocol USD
IFT-USD,InvestFeed USD
KOMBAT-USD,Crypto Kombat USD
KWATT-USD,4NEW USD
PRIA-USD,PRIA USD
KWATT-USD,4NEW USD
PRIA-USD,PRIA USD
USDX-USD,USDX [Lighthouse] USD
ERO-USD,Eroscoin USD
BOOST-USD,Boosted Finance USD
SCC-USD,SiaCashCoin USD
ETZ-USD,Ether Zero USD
TGAME-USD,Truegame USD
STEEP-USD,SteepCoin USD
PFR-USD,Payfair USD
START-USD,Startcoin USD
EVC-USD,EventChain USD
BSCV-USD,BSCView USD
XPT-USD,Cryptobuyer USD
QRT-USD,Qrkita Token USD
GB-USD,GoldBlocks USD
WAB-USD,WABnetwork USD
BEET-USD,Beetle Coin USD
MTX-USD,Matryx USD
ARCT-USD,ArbitrageCT USD
PLURA-USD,PluraCoin USD
PHT1-USD,Phoneum USD
1MIL-USD,1MillionNFTs USD
RPZX-USD,Rapidz USD
NBX-USD,Netbox Coin USD
DEM-USD,Deutsche eMark USD
ROAD-USD,ROAD USD
BLTG-USD,Block-Logic USD
UUNICLY-USD,Unicly Genesis Collection USD
UNIT-USD,Universal Currency USD
ORMEUS-USD,Ormeus Coin USD
UNIFY-USD,Unify USD
MORE-USD,More Coin USD
SKB-USD,Sakura Bloom USD
WRC-USD,Worldcore USD
LIT-USD,Lition USD
PRX-USD,ProxyNode USD
IMG-USD,ImageCoin USD
$ROPE-USD,Rope USD
CTT-USD,Castweet USD
XPA-USD,XPA USD
WCC-USD,WinCash USD
ADZ-USD,Adzcoin USD
EGG1-USD,NestEGG Coin USD
ARO-USD,Arionum USD
DEP1-USD,Depth Token USD
SHND-USD,StrongHands USD
ISLE-USD,Island Coin USD
SCL-USD,Sociall USD
XDNA1-USD,extraDNA USD
SHND-USD,StrongHands USD
ISLE-USD,Island Coin USD
SCL-USD,Sociall USD
XDNA1-USD,extraDNA USD
ALP-USD,CoinAlpha USD
BOLI-USD,Bolivarcoin USD
SWG-USD,Swirge USD
NUTS-USD,Squirrel Finance USD
STREAM-USD,Streamit Coin USD
SINS-USD,SafeInsure USD
PLAT-USD,BitGuild PLAT USD
SHO-USD,Showcase USD
YI12-USD,Yield Stake Finance USD
CBIX-USD,Cubiex USD
BTRN-USD,Biotron USD
BSD-USD,BitSend USD
VOT-USD,VoteCoin USD
BLOC-USD,BLOC.MONEY USD
INN-USD,Innova USD
POST-USD,PostCoin USD
GRIMM-USD,Grimm USD
VIDZ-USD,PureVidz USD
AIDOC-USD,AI Doctor USD
FGC-USD,FantasyGold USD
GRFT-USD,Graft USD
XMV-USD,MoneroV USD
CTL-USD,Citadel USD
DATX-USD,DATx USD
ZPR-USD,ZPER USD
KUN-USD,KUN USD
DUCATO-USD,Ducato Protocol Token USD
OPT-USD,Opus USD
GENE-USD,Gene Source Code Chain USD
XGS-USD,GenesisX USD
SEPA-USD,Secure Pad USD
BITC-USD,BitCash USD
BNTX-USD,Bintex Futures USD
TM2-USD,TRAXIA USD
ECO-USD,Ormeus Ecosystem USD
SUPER-USD,SuperCoin USD
XPY-USD,PayCoin USD
ONX-USD,Onix USD
ICOB-USD,ICOBID USD
GCR-USD,Global Currency Reserve USD
HB-USD,HeartBout USD
YLC-USD,YoloCash USD
DMB-USD,Digital Money Bits USD
REEC-USD,Renewable Electronic Energy Coin USD
LUN-USD,Lunyr USD
IC-USD,Ignition USD
BSL-USD,BSClaunch USD
BBS-USD,BBSCoin USD
MAY-USD,Theresa May Coin USD
ABX-USD,Arbidex USD
BELA-USD,Bela USD
DMST-USD,DMScript USD
BIT-USD,BitRewards USD
ALPHR-USD,Alphr finance USD
PEX-USD,PosEx USD
CATE-USD,Cash Tech USD
CMM-USD,Commercium USD
BPC-USD,BackPacker Coin USD
UNV-USD,Unvest USD
BTCT-USD,Bitcoin Token USD
STAC-USD,StarterCoin USD
ARION-USD,Arion USD
ELTCOIN-USD,ELTCOIN USD
ROCK2-USD,ICE ROCK MINING USD
GTM-USD,Gentarium USD
CIV-USD,Civitas USD
TWIN-USD,Twinci USD
HAND-USD,ShowHand USD
FEX-USD,FidexToken USD
DSR-USD,Desire USD
1UP-USD,Uptrennd USD
BZX-USD,Bitcoin Zero USD
FUZZ-USD,FuzzBalls USD
PAYX-USD,Paypex USD
XUEZ-USD,Xuez USD
BTCN-USD,BitcoiNote USD
NAVY-USD,BoatPilot Token USD
EVN-USD,EvenCoin USD
FBN-USD,Fivebalance USD
XOV-USD,XOVBank USD
TIX-USD,Blocktix USD
XBTC21-USD,Bitcoin 21 USD
CALL-USD,Global Crypto Alliance USD
CYMT-USD,CyberMusic USD
C2-USD,Coin2.1 USD
BXC1-USD,Bitcoin Classic USD
CNT-USD,Centurion USD
MICRO-USD,Micromines USD
VOTE-USD,Agora USD
FUZE-USD,FUZE Token USD
EVT-USD,EveriToken USD
ZNY-USD,Bitzeny USD
REW-USD,Rewardiqa USD
XCO-USD,X-Coin USD
BGTT-USD,Baguette Token USD
CNRG-USD,CryptoEnergy USD
REW-USD,Rewardiqa USD
XCO-USD,X-Coin USD
BGTT-USD,Baguette Token USD
CNRG-USD,CryptoEnergy USD
BRAWL-USD,Meta Brawl USD
BISON-USD,BiShares USD
MYB-USD,MyBit USD
DRM-USD,Dreamcoin USD
IDT-USD,InvestDigital USD
HERB-USD,Herbalist Token USD
BERN-USD,BERNcash USD
DFT-USD,DraftCoin USD
ZEUS-USD,ZeusNetwork USD
DJV-USD,DEJAVE USD
BELLY-USD,Crypto Piece USD
GOSS-USD,Gossip Coin USD
ZFL-USD,Zuflo Coin USD
SCRIV-USD,SCRIV NETWORK USD
FOXT-USD,Fox Trading USD
GAJ-USD,Gaj Finance USD
PNX-USD,Phantomx USD
BBKFI-USD,BitBlocks Finance USD
UBU1-USD,UBU Finance USD
INFS-USD,Infinity Esaham USD
SPRKL-USD,Sparkle Loyalty USD
WTN-USD,Waletoken USD
SHB-USD,SkyHub Coin USD
ALLOY-USD,HyperAlloy USD
ETHPLO-USD,ETHplode USD
TOTO-USD,Tourist Token USD
TFF-USD,Tutti Frutti USD
NPLC-USD,Plus-Coin USD
MDTK-USD,MDtoken USD
FRST-USD,FirstCoin USD
SHVR-USD,Shivers USD
ZINC-USD,ZINC USD
PYRK-USD,Pyrk USD
PYN-USD,PAYCENT USD
BBR-USD,Boolberry USD
EDRC-USD,EDRCoin USD
NMP-USD,Neuromorphic.io USD
TAJ-USD,TajCoin USD
DTRC-USD,Datarius Credit USD
WAGE-USD,Digiwage USD
IG-USD,IGToken USD
IQ1-USD,IQ.cash USD
NTRN-USD,Neutron USD
ACED-USD,AceD USD
DONU-USD,Donu USD
HALV-USD,Halving Token USD
